X_inv_KCI_p,X_inv_KCI_rej,X_inv_KCI_time,Y_inv_KCI_p,Y_inv_KCI_rej,Y_inv_KCI_time,Z_inv_KCI_p,Z_inv_KCI_rej,Z_inv_KCI_time,NP_KCI_p,NP_KCI_rej,NP_KCI_time
0.0,true,0.1074879,0.0,true,0.072355015,0.105,false,0.075630795,0.05,true,0.074740396
0.0,true,0.068660952,0.265,false,0.070231597,0.0,true,0.073920307,0.14,false,0.072115769
0.0,true,0.069001655,0.055,false,0.069521323,0.0,true,0.076263958,0.175,false,0.070524667
0.045,true,0.080684501,0.145,false,0.086051414,0.135,false,0.07991833,0.055,false,0.077135808
0.095,false,0.074894532,0.185,false,0.073480402,0.0,true,0.077672312,0.13,false,0.07642137
0.0,true,0.084587665,0.05,true,0.070717494,0.025,true,0.071955364,0.115,false,0.09194516
0.0,true,0.069114818,0.225,false,0.073482889,0.09,false,0.074430312,0.1,false,0.072004941
0.1,false,0.071022816,0.14,false,0.073829358,0.1,false,0.078423792,0.07,false,0.069071019
0.1,false,0.069924425,0.06,false,0.069580785,0.0,true,0.079183305,0.205,false,0.071399399
0.14,false,0.07035151,0.125,false,0.079752486,0.13,false,0.077195904,0.0,true,0.070400729
0.025,true,0.072656561,0.175,false,0.076368737,0.125,false,0.077173622,0.11,false,0.07224494
0.155,false,0.076282655,0.14,false,0.069571979,0.16,false,0.077594096,0.11,false,0.072198393
0.085,false,0.066496112,0.04,true,0.07323536,0.065,false,0.074590689,0.15,false,0.074105264
0.0,true,0.068825764,0.05,true,0.070122809,0.095,false,0.073305946,0.0,true,0.072040862
0.0,true,0.072726932,0.0,true,0.07495411,0.105,false,0.073365305,0.095,false,0.068905985
0.0,true,0.069658105,0.045,true,0.073627414,0.06,false,0.07679205,0.0,true,0.072847368
0.045,true,0.069024053,0.105,false,0.073626259,0.16,false,0.074602851,0.115,false,0.069207213
0.105,false,0.076380395,0.105,false,0.073168124,0.1,false,0.072500246,0.065,false,0.068177753
0.035,true,0.069538479,0.135,false,0.071781156,0.15,false,0.0740541,0.115,false,0.073927767
0.07,false,0.06953595,0.055,false,0.072020019,0.0,true,0.078959833,0.0,true,0.072526506
0.15,false,0.073688494,0.095,false,0.071489615,0.12,false,0.075570376,0.13,false,0.069215949
0.045,true,0.069483667,0.0,true,0.081435954,0.09,false,0.074252595,0.1,false,0.070865307
0.045,true,0.073386021,0.14,false,0.068769048,0.045,true,0.071583489,0.095,false,0.073696526
0.06,false,0.074692464,0.065,false,0.071302457,0.035,true,0.076448674,0.07,false,0.070352734
0.0,true,0.066666865,0.0,true,0.071392028,0.105,false,0.075194867,0.11,false,0.073029334
0.045,true,0.066464595,0.13,false,0.074749464,0.11,false,0.074901008,0.135,false,0.075015454
0.0,true,0.072433571,0.075,false,0.072582421,0.13,false,0.07456284,0.085,false,0.071280647
0.02,true,0.067848052,0.045,true,0.071932272,0.11,false,0.073128459,0.0,true,0.073053589
0.08,false,0.069477575,0.11,false,0.071724592,0.125,false,0.076337128,0.14,false,0.072623256
0.115,false,0.075690177,0.37,false,0.072430179,0.08,false,0.074151584,0.075,false,0.072091465
0.125,false,0.067179565,0.115,false,0.074477325,0.09,false,0.073386437,0.08,false,0.070934265
0.165,false,0.070255046,0.165,false,0.071507864,0.14,false,0.072822298,0.16,false,0.070437881
0.15,false,0.068927128,0.165,false,0.07220177,0.095,false,0.075196198,0.11,false,0.070170428
0.145,false,0.069627882,0.145,false,0.074145282,0.075,false,0.076179554,0.05,true,0.070064278
0.125,false,0.069741868,0.09,false,0.071683218,0.06,false,0.076795311,0.14,false,0.072080463
0.0,true,0.081371872,0.18,false,0.070466087,0.135,false,0.075716581,0.13,false,0.071165079
0.0,true,0.070956176,0.13,false,0.07612052,0.13,false,0.074763695,0.145,false,0.073707081
0.115,false,0.070112833,0.235,false,0.073567909,0.2,false,0.076868929,0.105,false,0.077928771
0.0,true,0.074163951,0.0,true,0.07326992,0.14,false,0.073772308,0.165,false,0.084718712
0.015,true,0.078308833,0.045,true,0.07632077,0.185,false,0.074916777,0.135,false,0.077429223
0.06,false,0.07426304,0.0,true,0.074328923,0.125,false,0.08044726,0.115,false,0.081941565
0.065,false,0.079543054,0.02,true,0.069388814,0.06,false,0.07646384,0.0,true,0.076117227
0.0,true,0.076160838,0.135,false,0.073239934,0.01,true,0.073829937,0.095,false,0.082842581
0.0,true,0.074672014,0.0,true,0.072548452,0.025,true,0.073319299,0.07,false,0.073370985
0.07,false,0.076105658,0.135,false,0.071439243,0.2,false,0.076317303,0.1,false,0.073112504
0.155,false,0.074328355,0.055,false,0.073855035,0.125,false,0.07091454,0.095,false,0.076288191
0.115,false,0.076925599,0.125,false,0.069192803,0.17,false,0.07482753,0.065,false,0.075516335
0.01,true,0.078568303,0.14,false,0.069316707,0.095,false,0.068549484,0.11,false,0.078012421
0.095,false,0.073246681,0.12,false,0.064958613,0.075,false,0.069815569,0.0,true,0.073080976
0.1,false,0.074142229,0.17,false,0.066153008,0.125,false,0.071746891,0.11,false,0.080018315
0.0,true,0.074570733,0.17,false,0.068603499,0.135,false,0.070839022,0.17,false,0.073867346
0.15,false,0.074970274,0.125,false,0.068370601,0.095,false,0.068037586,0.1,false,0.078369556
0.065,false,0.072517748,0.045,true,0.064031003,0.125,false,0.074894526,0.105,false,0.074548892
0.04,true,0.077051323,0.0,true,0.073004654,0.135,false,0.067420483,0.07,false,0.075373929
0.085,false,0.072473219,0.11,false,0.078499532,0.09,false,0.068064761,0.065,false,0.078651057
0.125,false,0.075080062,0.03,true,0.080081117,0.18,false,0.07116809,0.13,false,0.077340412
0.04,true,0.072640104,0.055,false,0.075673336,0.1,false,0.067539577,0.05,true,0.074452762
0.0,true,0.077400541,0.095,false,0.07772508,0.08,false,0.070977093,0.0,true,0.074488939
0.0,true,0.073591447,0.12,false,0.073747695,0.07,false,0.070573696,0.165,false,0.077202396
0.055,false,0.074445257,0.135,false,0.07465238,0.13,false,0.072104644,0.095,false,0.073761957
0.045,true,0.075278042,0.175,false,0.074942929,0.18,false,0.071684483,0.16,false,0.073244845
0.035,true,0.070828192,0.075,false,0.072813832,0.005,true,0.069598054,0.0,true,0.076846838
0.0,true,0.076832128,0.0,true,0.079059115,0.1,false,0.068166696,0.0,true,0.079873421
0.04,true,0.077968737,0.205,false,0.079007829,0.12,false,0.072037866,0.045,true,0.073409182
0.0,true,0.074846024,0.07,false,0.073872039,0.06,false,0.068336185,0.115,false,0.074731575
0.0,true,0.075836568,0.06,false,0.072526481,0.065,false,0.072469056,0.06,false,0.069785223
0.155,false,0.077349404,0.095,false,0.071839432,0.105,false,0.070192226,0.14,false,0.072905557
0.0,true,0.076335302,0.07,false,0.073323734,0.115,false,0.068018323,0.115,false,0.077977685
0.0,true,0.071332661,0.17,false,0.067818693,0.135,false,0.069933571,0.095,false,0.073850454
0.09,false,0.072333423,0.115,false,0.074082462,0.11,false,0.070260698,0.11,false,0.069328515
0.12,false,0.071665783,0.02,true,0.07685574,0.14,false,0.068413864,0.05,true,0.071740106
0.1,false,0.078809696,0.07,false,0.07343161,0.05,true,0.0721188,0.17,false,0.070965651
0.065,false,0.072482363,0.05,true,0.072460892,0.06,false,0.070977378,0.17,false,0.068084347
0.105,false,0.07604791,0.135,false,0.071700046,0.055,false,0.065863896,0.11,false,0.072544672
0.155,false,0.073624806,0.11,false,0.072317515,0.18,false,0.066800199,0.0,true,0.073951653
0.035,true,0.072563852,0.095,false,0.077056049,0.075,false,0.067527628,0.065,false,0.067609274
0.0,true,0.074777812,0.05,true,0.074377056,0.0,true,0.069850395,0.03,true,0.071990272
0.06,false,0.079999863,0.125,false,0.071933816,0.13,false,0.071209419,0.13,false,0.072574038
0.1,false,0.078190111,0.165,false,0.067519454,0.09,false,0.069458229,0.095,false,0.072089702
0.13,false,0.071816707,0.025,true,0.070512361,0.17,false,0.067113287,0.13,false,0.070239146
0.07,false,0.072390743,0.19,false,0.071200447,0.0,true,0.071914753,0.13,false,0.073959885
0.0,true,0.073988178,0.19,false,0.072879962,0.14,false,0.07072101,0.135,false,0.073330471
0.075,false,0.072703247,0.04,true,0.075807583,0.13,false,0.0720592,0.085,false,0.069794974
0.09,false,0.07401843,0.05,true,0.069704949,0.12,false,0.073992028,0.16,false,0.067265255
0.145,false,0.080344521,0.0,true,0.078256505,0.125,false,0.069780392,0.0,true,0.072401349
0.15,false,0.075260791,0.06,false,0.069747835,0.18,false,0.068874679,0.14,false,0.071257647
0.0,true,0.075259981,0.095,false,0.07040632,0.095,false,0.073857817,0.12,false,0.077554913
0.105,false,0.079598648,0.1,false,0.079132325,0.1,false,0.071050063,0.095,false,0.071936497
0.06,false,0.076115292,0.05,true,0.069830587,0.065,false,0.068389528,0.085,false,0.070292259
0.11,false,0.073037777,0.085,false,0.074842274,0.055,false,0.067815048,0.09,false,0.070913827
0.11,false,0.075192214,0.03,true,0.070049239,0.11,false,0.071842181,0.13,false,0.07439247
0.0,true,0.076105066,0.08,false,0.077422523,0.085,false,0.07031211,0.095,false,0.083996792
0.05,true,0.073769319,0.07,false,0.074478745,0.145,false,0.071558025,0.145,false,0.086118514
0.1,false,0.072384399,0.065,false,0.073369628,0.185,false,0.072524265,0.0,true,0.073084448
0.04,true,0.067573067,0.115,false,0.076664688,0.08,false,0.06929947,0.08,false,0.069563737
0.025,true,0.074565057,0.125,false,0.076638183,0.11,false,0.069817591,0.125,false,0.072083745
0.0,true,0.073378768,0.105,false,0.071481928,0.165,false,0.079382813,0.165,false,0.073419506
0.035,true,0.069880855,0.12,false,0.070279015,0.06,false,0.069152637,0.0,true,0.071173665
0.08,false,0.073745682,0.095,false,0.073039272,0.0,true,0.070295982,0.1,false,0.076123772
0.145,false,0.07248704,0.21,false,0.072835462,0.16,false,0.067762701,0.115,false,0.072731167
0.175,false,0.071738884,0.04,true,0.074817552,0.15,false,0.070436556,0.055,false,0.068535003
0.145,false,0.078519317,0.305,false,0.07450419,0.155,false,0.071384242,0.175,false,0.070043716
0.11,false,0.076269554,0.17,false,0.071562762,0.11,false,0.070263828,0.125,false,0.074274616
0.15,false,0.073487664,0.06,false,0.070479502,0.055,false,0.070705951,0.16,false,0.081626245
0.145,false,0.08203579,0.11,false,0.072655268,0.06,false,0.073084184,0.125,false,0.079344303
0.065,false,0.079196116,0.155,false,0.07546665,0.07,false,0.07885489,0.135,false,0.078334638
0.11,false,0.080510523,0.145,false,0.074373276,0.09,false,0.074057329,0.05,true,0.07740069
0.11,false,0.082633206,0.035,true,0.073358402,0.125,false,0.077321997,0.025,true,0.0783498
0.0,true,0.073168546,0.04,true,0.072174168,0.09,false,0.073358825,0.085,false,0.074814624
0.0,true,0.075807654,0.135,false,0.074796005,0.115,false,0.072894521,0.12,false,0.0756649
0.145,false,0.069960089,0.105,false,0.076891203,0.09,false,0.072566407,0.145,false,0.076203412
0.075,false,0.066924432,0.175,false,0.078066624,0.1,false,0.073336784,0.17,false,0.082729635
0.07,false,0.074168541,0.22,false,0.072239803,0.075,false,0.076362386,0.14,false,0.075249801
0.15,false,0.072685846,0.08,false,0.069996628,0.0,true,0.076372911,0.06,false,0.078666524
0.075,false,0.065296318,0.15,false,0.068827554,0.11,false,0.077059208,0.135,false,0.072709539
0.025,true,0.070186179,0.145,false,0.066502734,0.05,true,0.080492964,0.035,true,0.07739323
0.055,false,0.068886707,0.145,false,0.072181641,0.06,false,0.07260832,0.06,false,0.073292045
0.0,true,0.06998908,0.13,false,0.070839959,0.145,false,0.071153793,0.095,false,0.077707859
0.145,false,0.069168195,0.105,false,0.070280301,0.065,false,0.074041999,0.05,true,0.073867378
0.125,false,0.073729883,0.0,true,0.071885944,0.085,false,0.080331658,0.0,true,0.078427342
0.065,false,0.065661334,0.065,false,0.069085677,0.16,false,0.073916871,0.105,false,0.07268759
0.0,true,0.073643809,0.1,false,0.073884753,0.125,false,0.079138192,0.135,false,0.078707743
0.0,true,0.072176226,0.07,false,0.07054808,0.11,false,0.075606201,0.04,true,0.07197025
0.0,true,0.068821844,0.165,false,0.073368875,0.04,true,0.072542782,0.19,false,0.075190874
0.05,true,0.07189949,0.12,false,0.075421493,0.16,false,0.074248929,0.1,false,0.074730264
0.0,true,0.074223708,0.15,false,0.078439272,0.0,true,0.078102,0.0,true,0.079310563
0.0,true,0.070893732,0.065,false,0.073616939,0.09,false,0.076756777,0.08,false,0.073790244
0.15,false,0.069177231,0.035,true,0.07137113,0.175,false,0.077045976,0.155,false,0.075445744
0.0,true,0.071636912,0.005,true,0.073273585,0.13,false,0.078149453,0.1,false,0.084086446
0.05,true,0.07120503,0.035,true,0.071984523,0.12,false,0.074707834,0.095,false,0.080462539
0.135,false,0.072573907,0.01,true,0.069934551,0.155,false,0.07553606,0.155,false,0.077064853
0.03,true,0.072485471,0.14,false,0.066617442,0.03,true,0.072201716,0.14,false,0.07545204
0.0,true,0.069593035,0.11,false,0.0684163,0.145,false,0.074546797,0.0,true,0.08136356
0.06,false,0.070163592,0.295,false,0.070304001,0.115,false,0.079512231,0.05,true,0.074008495
0.14,false,0.07252474,0.13,false,0.071435069,0.115,false,0.079051844,0.085,false,0.072466107
0.0,true,0.070073057,0.09,false,0.076021559,0.115,false,0.073358691,0.0,true,0.076243818
0.125,false,0.067738663,0.07,false,0.072525758,0.045,true,0.074423372,0.1,false,0.071940837
0.0,true,0.068925655,0.0,true,0.069547794,0.105,false,0.072180545,0.08,false,0.072384355
0.0,true,0.073400476,0.07,false,0.07016422,0.045,true,0.073543164,0.14,false,0.07444507
0.0,true,0.070658239,0.1,false,0.072193939,0.11,false,0.076894905,0.105,false,0.069329943
0.145,false,0.071483601,0.07,false,0.0680603,0.16,false,0.078717122,0.13,false,0.077149951
0.155,false,0.079488191,0.085,false,0.07239328,0.195,false,0.075329972,0.135,false,0.077222165
0.1,false,0.075649051,0.13,false,0.070782287,0.095,false,0.075275543,0.11,false,0.081965478
0.065,false,0.082484705,0.165,false,0.066797539,0.07,false,0.075692683,0.0,true,0.076307404
0.015,true,0.071482891,0.0,true,0.069974352,0.05,true,0.075091031,0.105,false,0.076045908
0.0,true,0.070641967,0.01,true,0.069113135,0.06,false,0.070755232,0.055,false,0.071843371
0.12,false,0.070771951,0.08,false,0.068154149,0.115,false,0.079818386,0.01,true,0.070841297
0.06,false,0.074429811,0.105,false,0.068758882,0.1,false,0.072124976,0.0,true,0.073650208
0.075,false,0.076019197,0.07,false,0.07076852,0.135,false,0.069217122,0.185,false,0.073595078
0.0,true,0.080177901,0.075,false,0.068658986,0.16,false,0.068485109,0.085,false,0.071111119
0.13,false,0.069069853,0.045,true,0.063795319,0.06,false,0.069231999,0.105,false,0.068791281
0.035,true,0.070504769,0.105,false,0.071523027,0.155,false,0.072530163,0.105,false,0.074718718
0.065,false,0.068183047,0.105,false,0.069323196,0.08,false,0.074811917,0.085,false,0.072446289
0.08,false,0.073016706,0.14,false,0.071331117,0.115,false,0.069906884,0.145,false,0.076329307
0.04,true,0.070143915,0.1,false,0.070236274,0.085,false,0.070204921,0.105,false,0.077652855
0.11,false,0.077113282,0.115,false,0.067830825,0.13,false,0.067096264,0.1,false,0.0709524
0.0,true,0.076936494,0.28,false,0.06748793,0.185,false,0.069576189,0.03,true,0.07166045
0.035,true,0.07203949,0.09,false,0.072273942,0.1,false,0.072516349,0.0,true,0.073755032
0.12,false,0.071869337,0.08,false,0.066722045,0.085,false,0.071942694,0.13,false,0.074099331
0.115,false,0.072809176,0.115,false,0.067482593,0.135,false,0.068987951,0.13,false,0.071366858
0.18,false,0.074244571,0.07,false,0.066354535,0.195,false,0.069585921,0.16,false,0.075676872
0.07,false,0.079476729,0.105,false,0.065486806,0.05,true,0.069879283,0.065,false,0.07494043
0.085,false,0.073730744,0.025,true,0.065790974,0.125,false,0.068178796,0.115,false,0.070566918
0.0,true,0.07394703,0.09,false,0.066668059,0.17,false,0.068324224,0.17,false,0.074037455
0.11,false,0.070650365,0.155,false,0.066233204,0.145,false,0.076563571,0.0,true,0.072546051
0.125,false,0.074904197,0.175,false,0.069644147,0.0,true,0.071290424,0.18,false,0.074133653
0.155,false,0.077662414,0.045,true,0.0690438,0.135,false,0.068838424,0.0,true,0.071464879
0.0,true,0.072624971,0.135,false,0.065295328,0.135,false,0.067785703,0.14,false,0.074269018
0.0,true,0.081789807,0.055,false,0.071374968,0.115,false,0.071728145,0.135,false,0.069916303
0.095,false,0.071903384,0.015,true,0.070640114,0.115,false,0.072339873,0.085,false,0.077002509
0.0,true,0.071986305,0.25,false,0.072096991,0.075,false,0.074445769,0.09,false,0.08153105
0.13,false,0.073514732,0.12,false,0.069529638,0.105,false,0.078396271,0.085,false,0.081092823
0.0,true,0.071585629,0.15,false,0.071207817,0.0,true,0.075986521,0.045,true,0.078251125
0.0,true,0.074035429,0.11,false,0.066934065,0.105,false,0.074668684,0.115,false,0.084457659
0.0,true,0.082947729,0.04,true,0.067111227,0.09,false,0.073337619,0.06,false,0.081417457
0.09,false,0.071670993,0.13,false,0.068357719,0.05,true,0.074480946,0.11,false,0.077418447
0.12,false,0.077273051,0.14,false,0.068322725,0.07,false,0.074215894,0.175,false,0.074757463
0.075,false,0.068505645,0.0,true,0.06571341,0.125,false,0.078879024,0.145,false,0.076426364
0.175,false,0.073401276,0.105,false,0.069109477,0.1,false,0.074659487,0.1,false,0.07428987
0.125,false,0.072751796,0.135,false,0.06614508,0.155,false,0.075952497,0.14,false,0.077344209
0.125,false,0.072093521,0.065,false,0.066073865,0.04,true,0.076086483,0.0,true,0.076778986
0.085,false,0.072691071,0.085,false,0.070288706,0.13,false,0.078517556,0.115,false,0.074111409
0.13,false,0.070091062,0.11,false,0.070504943,0.07,false,0.073085206,0.135,false,0.075853003
0.0,true,0.070793237,0.085,false,0.065458375,0.12,false,0.080107525,0.08,false,0.069697916
0.0,true,0.071941681,0.01,true,0.067564982,0.06,false,0.076236765,0.105,false,0.077964832
0.11,false,0.070613131,0.08,false,0.068611974,0.0,true,0.078843676,0.125,false,0.078548118
0.0,true,0.078684038,0.01,true,0.067587838,0.0,true,0.080209883,0.105,false,0.076203974
0.0,true,0.07218285,0.17,false,0.067356136,0.1,false,0.070202871,0.075,false,0.074249629
0.0,true,0.070065852,0.115,false,0.066896138,0.115,false,0.073056017,0.0,true,0.076843632
0.0,true,0.071639719,0.12,false,0.068892247,0.105,false,0.077172886,0.125,false,0.070837549
0.0,true,0.071233193,0.135,false,0.070789886,0.075,false,0.075417177,0.045,true,0.074991794
0.0,true,0.070735728,0.085,false,0.072479291,0.07,false,0.075513054,0.03,true,0.080084029
0.185,false,0.073275472,0.135,false,0.068865225,0.135,false,0.073431731,0.12,false,0.081273929
0.0,true,0.07076715,0.105,false,0.06537777,0.155,false,0.071888659,0.125,false,0.073794823
0.15,false,0.070081289,0.11,false,0.074992471,0.09,false,0.070863075,0.0,true,0.074000543
0.065,false,0.069922719,0.025,true,0.07860288,0.1,false,0.08126808,0.0,true,0.078638284
0.065,false,0.068286208,0.0,true,0.079278374,0.14,false,0.075472509,0.02,true,0.076521952
0.055,false,0.071508123,0.07,false,0.077381984,0.075,false,0.078011583,0.09,false,0.074438685
0.085,false,0.071191924,0.035,true,0.074856897,0.095,false,0.076001369,0.055,false,0.077399864
0.06,false,0.072907982,0.085,false,0.07553614,0.1,false,0.076224105,0.13,false,0.07262402
0.0,true,0.068349972,0.07,false,0.074227192,0.135,false,0.076736018,0.06,false,0.071009448
0.16,false,0.069130696,0.14,false,0.077820778,0.175,false,0.081185946,0.17,false,0.071284358
0.145,false,0.071675702,0.0,true,0.069494817,0.145,false,0.0738216,0.06,false,0.071977937
0.165,false,0.067169607,0.0,true,0.074574295,0.14,false,0.071932482,0.06,false,0.069857465
0.01,true,0.072398445,0.04,true,0.072713738,0.08,false,0.070998112,0.08,false,0.077922407
0.0,true,0.072394532,0.035,true,0.074037185,0.09,false,0.067554048,0.1,false,0.07414071
0.0,true,0.075766848,0.04,true,0.07192615,0.09,false,0.065191522,0.005,true,0.07113046
0.065,false,0.070347163,0.07,false,0.075158786,0.105,false,0.070665481,0.075,false,0.06930808
0.175,false,0.068464527,0.0,true,0.074167782,0.055,false,0.074965612,0.11,false,0.068884332
0.0,true,0.07255557,0.03,true,0.076265622,0.095,false,0.068696815,0.065,false,0.073647467
0.0,true,0.075297333,0.115,false,0.076691724,0.0,true,0.073634024,0.135,false,0.077032711
0.055,false,0.071967616,0.065,false,0.069756237,0.125,false,0.066821879,0.0,true,0.077603717
0.0,true,0.07649202,0.025,true,0.070649066,0.06,false,0.069246947,0.065,false,0.069215032
0.1,false,0.069127231,0.145,false,0.076792249,0.085,false,0.069282876,0.125,false,0.069207236
0.15,false,0.07346198,0.03,true,0.076392822,0.145,false,0.074060111,0.14,false,0.072989629
0.055,false,0.069272526,0.0,true,0.07265671,0.12,false,0.069666685,0.095,false,0.069134647
0.0,true,0.077386089,0.065,false,0.075952839,0.125,false,0.066613704,0.145,false,0.072696232
0.0,true,0.071350903,0.135,false,0.072509517,0.0,true,0.069893323,0.095,false,0.078562429
0.03,true,0.069681446,0.085,false,0.071941228,0.07,false,0.069354204,0.065,false,0.073324008
0.08,false,0.069142491,0.045,true,0.070108174,0.1,false,0.068364441,0.15,false,0.071329375
0.0,true,0.069081128,0.215,false,0.074409837,0.11,false,0.07366964,0.175,false,0.073214921
0.2,false,0.070497131,0.07,false,0.069762122,0.125,false,0.069164689,0.145,false,0.069146003
0.0,true,0.078898643,0.11,false,0.077806181,0.115,false,0.06972726,0.145,false,0.070058593
0.0,true,0.074350815,0.0,true,0.072632387,0.06,false,0.072280437,0.11,false,0.07486683
0.0,true,0.073709441,0.11,false,0.069345375,0.15,false,0.065712793,0.085,false,0.067456087
0.0,true,0.071254984,0.03,true,0.073451302,0.105,false,0.067445997,0.125,false,0.073072515
0.0,true,0.069500441,0.0,true,0.076159279,0.145,false,0.067306883,0.12,false,0.072079909
0.1,false,0.067141486,0.155,false,0.069572683,0.125,false,0.071372256,0.115,false,0.069261002
0.065,false,0.074460528,0.145,false,0.077877328,0.145,false,0.068802945,0.135,false,0.071247722
0.04,true,0.072232688,0.135,false,0.072982418,0.195,false,0.065336461,0.125,false,0.075167673
0.13,false,0.077314919,0.13,false,0.074270313,0.05,true,0.066360905,0.155,false,0.070645954
0.165,false,0.0775057,0.07,false,0.074242254,0.07,false,0.067578032,0.11,false,0.073287969
0.09,false,0.072384045,0.12,false,0.076675802,0.1,false,0.06943042,0.1,false,0.072951528
0.0,true,0.077219265,0.05,true,0.074556454,0.1,false,0.072824244,0.11,false,0.078156247
0.0,true,0.079386917,0.055,false,0.071129381,0.08,false,0.068656814,0.1,false,0.075889597
0.0,true,0.068676901,0.13,false,0.074083163,0.09,false,0.069286175,0.105,false,0.083090884
0.075,false,0.069860029,0.14,false,0.073259907,0.185,false,0.070313338,0.155,false,0.084373275
0.17,false,0.069963252,0.16,false,0.073428326,0.205,false,0.067750684,0.16,false,0.084967807
0.045,true,0.070145519,0.075,false,0.073508025,0.11,false,0.069835164,0.14,false,0.081944081
0.0,true,0.073882055,0.11,false,0.072730748,0.06,false,0.076606206,0.065,false,0.080709772
0.0,true,0.075344313,0.07,false,0.073753454,0.07,false,0.075708588,0.1,false,0.07996315
0.125,false,0.071737193,0.165,false,0.07298628,0.09,false,0.072687496,0.0,true,0.078609406
0.0,true,0.067222546,0.12,false,0.07364411,0.08,false,0.07047128,0.165,false,0.079604108
0.2,false,0.076039416,0.27,false,0.070802529,0.15,false,0.077406096,0.14,false,0.072557976
0.12,false,0.074227811,0.115,false,0.077021754,0.07,false,0.072683366,0.07,false,0.071240682
0.155,false,0.074586296,0.08,false,0.075004304,0.135,false,0.078249706,0.105,false,0.077388528
0.065,false,0.078752546,0.025,true,0.072293041,0.13,false,0.07743383,0.11,false,0.077141586
0.0,true,0.077703664,0.09,false,0.07271458,0.07,false,0.076767671,0.11,false,0.077495315
0.05,true,0.074103632,0.055,false,0.075234894,0.085,false,0.073738346,0.065,false,0.078808098
0.13,false,0.073143826,0.02,true,0.07538816,0.12,false,0.072580239,0.15,false,0.072737203
0.0,true,0.073295998,0.055,false,0.073146166,0.09,false,0.073466463,0.145,false,0.074104217
0.11,false,0.073119865,0.155,false,0.071290892,0.14,false,0.079831674,0.14,false,0.073405683
0.15,false,0.074750336,0.125,false,0.074845977,0.135,false,0.07988655,0.08,false,0.073144421
0.115,false,0.070507547,0.03,true,0.071331699,0.12,false,0.071249251,0.085,false,0.07530338
0.035,true,0.066197044,0.16,false,0.069909165,0.135,false,0.071178413,0.145,false,0.079943143
0.1,false,0.073926517,0.115,false,0.073721207,0.185,false,0.072175642,0.07,false,0.071722061
0.015,true,0.073293763,0.07,false,0.073189387,0.055,false,0.076733646,0.045,true,0.075481904
0.0,true,0.071135209,0.0,true,0.074094435,0.065,false,0.077374264,0.05,true,0.077604786
0.06,false,0.073822362,0.06,false,0.07547484,0.04,true,0.081499183,0.065,false,0.075538285
0.1,false,0.068130714,0.11,false,0.071987394,0.085,false,0.073276258,0.1,false,0.07555542
0.0,true,0.070554257,0.1,false,0.073923741,0.09,false,0.079279817,0.105,false,0.079453204
0.0,true,0.071295713,0.215,false,0.07622262,0.075,false,0.070284513,0.09,false,0.081623138
0.06,false,0.071429634,0.195,false,0.070638436,0.14,false,0.068125734,0.12,false,0.075234003
0.09,false,0.071177635,0.11,false,0.070819276,0.1,false,0.068587429,0.085,false,0.077093386
0.0,true,0.080881275,0.07,false,0.067471062,0.135,false,0.075416206,0.145,false,0.075734857
0.115,false,0.070636672,0.135,false,0.068916901,0.135,false,0.065421208,0.085,false,0.074399863
0.115,false,0.073127309,0.075,false,0.067225544,0.15,false,0.069333197,0.0,true,0.077980119
0.11,false,0.070704882,0.005,true,0.070011113,0.085,false,0.069765761,0.08,false,0.078410567
0.14,false,0.075031246,0.1,false,0.07167832,0.145,false,0.066957411,0.095,false,0.07335545
0.085,false,0.068974864,0.12,false,0.068057788,0.105,false,0.072103165,0.17,false,0.076665713
0.0,true,0.078740233,0.045,true,0.06606892,0.125,false,0.068778226,0.1,false,0.0767813
0.08,false,0.072362136,0.095,false,0.066422448,0.115,false,0.074500176,0.065,false,0.077918851
0.125,false,0.067419321,0.155,false,0.067644094,0.105,false,0.072086014,0.0,true,0.078665143
0.1,false,0.067768033,0.11,false,0.066328842,0.07,false,0.067114422,0.075,false,0.075751739
0.1,false,0.069397083,0.08,false,0.068260477,0.16,false,0.069908395,0.13,false,0.074679561
0.025,true,0.070052664,0.14,false,0.073028863,0.145,false,0.072087794,0.0,true,0.0751443
0.0,true,0.077370151,0.115,false,0.07441254,0.075,false,0.068364736,0.055,false,0.074590515
0.0,true,0.068050352,0.1,false,0.067808383,0.165,false,0.076077892,0.15,false,0.074547629
0.165,false,0.07013463,0.08,false,0.071090461,0.15,false,0.069205304,0.0,true,0.077682408
0.08,false,0.072046602,0.0,true,0.078430672,0.105,false,0.070741641,0.13,false,0.08029191
0.0,true,0.070248612,0.12,false,0.07166719,0.09,false,0.068610041,0.055,false,0.069775635
0.0,true,0.069104238,0.11,false,0.070151416,0.15,false,0.071169299,0.09,false,0.074173822
0.11,false,0.076656097,0.025,true,0.074663699,0.145,false,0.069184399,0.11,false,0.076461732
0.0,true,0.072065872,0.075,false,0.066773049,0.095,false,0.070390918,0.125,false,0.074815743
0.075,false,0.068878997,0.055,false,0.074054676,0.14,false,0.070661005,0.12,false,0.083515591
0.0,true,0.072045938,0.11,false,0.074929616,0.19,false,0.068505577,0.005,true,0.076845248
0.0,true,0.07142037,0.045,true,0.077442466,0.11,false,0.069473811,0.055,false,0.08268387
0.085,false,0.06926124,0.105,false,0.070241077,0.085,false,0.070817414,0.085,false,0.074347458
0.0,true,0.078273225,0.045,true,0.070300791,0.125,false,0.073282463,0.105,false,0.073766586
0.0,true,0.073269797,0.095,false,0.067231197,0.125,false,0.071732281,0.0,true,0.079096414
0.0,true,0.067744562,0.08,false,0.06734652,0.12,false,0.070769561,0.09,false,0.071958128
0.0,true,0.06716855,0.16,false,0.066855989,0.045,true,0.067645566,0.04,true,0.075234552
0.05,true,0.067558275,0.025,true,0.07267893,0.14,false,0.067957777,0.0,true,0.084062764
0.12,false,0.068667721,0.065,false,0.067638912,0.055,false,0.066371776,0.085,false,0.076028368
0.085,false,0.076707822,0.01,true,0.065089597,0.11,false,0.070272317,0.175,false,0.075949981
0.0,true,0.071435411,0.125,false,0.06634596,0.15,false,0.069683929,0.105,false,0.075482151
0.165,false,0.074752408,0.05,true,0.073287782,0.01,true,0.072319951,0.08,false,0.075824816
0.07,false,0.069848256,0.11,false,0.0716427,0.1,false,0.069510884,0.0,true,0.073460928
0.095,false,0.069870534,0.085,false,0.070734482,0.135,false,0.070294303,0.125,false,0.079313257
0.0,true,0.0687457,0.05,true,0.068128831,0.12,false,0.070763144,0.125,false,0.075808553
0.08,false,0.074317332,0.155,false,0.065307404,0.11,false,0.071459038,0.095,false,0.080812322
0.035,true,0.070003721,0.145,false,0.066037684,0.075,false,0.071165774,0.05,true,0.073335874
0.0,true,0.070037232,0.12,false,0.069096651,0.065,false,0.072779195,0.185,false,0.078283448
0.0,true,0.070451748,0.11,false,0.071616204,0.1,false,0.072025136,0.03,true,0.078129511
0.075,false,0.075332186,0.175,false,0.070264263,0.06,false,0.067589664,0.18,false,0.078690563
0.0,true,0.06909549,0.0,true,0.074514092,0.105,false,0.072312789,0.045,true,0.077920101
0.115,false,0.07331024,0.145,false,0.066974313,0.165,false,0.069629221,0.0,true,0.07347304
0.0,true,0.072536016,0.09,false,0.065003668,0.165,false,0.072572253,0.07,false,0.074893552
0.09,false,0.070551944,0.165,false,0.067988557,0.1,false,0.074529397,0.155,false,0.075176448
0.0,true,0.071182307,0.105,false,0.069483956,0.125,false,0.069835786,0.12,false,0.076160666
0.0,true,0.066426264,0.085,false,0.076286243,0.05,true,0.068875424,0.0,true,0.075263758
0.03,true,0.069130005,0.085,false,0.066301654,0.08,false,0.077782865,0.12,false,0.083304707
0.115,false,0.079288628,0.125,false,0.064153616,0.15,false,0.074744505,0.16,false,0.073170331
0.04,true,0.075124896,0.065,false,0.068425882,0.0,true,0.075242708,0.08,false,0.07453793
0.095,false,0.073413675,0.12,false,0.069433844,0.14,false,0.085901983,0.025,true,0.074241171
0.175,false,0.07562576,0.065,false,0.066994257,0.03,true,0.074480839,0.11,false,0.076375306
0.135,false,0.069395096,0.0,true,0.073396697,0.135,false,0.076684376,0.13,false,0.074026497
0.0,true,0.069595314,0.17,false,0.068709662,0.07,false,0.070787353,0.07,false,0.074512205
0.04,true,0.072624672,0.09,false,0.068731536,0.0,true,0.07080542,0.135,false,0.077364886
0.07,false,0.070037632,0.105,false,0.071753876,0.0,true,0.070494028,0.1,false,0.077774404
0.0,true,0.070599543,0.025,true,0.070031855,0.125,false,0.072677381,0.055,false,0.074142877
0.0,true,0.069408579,0.045,true,0.071616404,0.125,false,0.0718674,0.06,false,0.073032135
0.035,true,0.074197272,0.125,false,0.072128775,0.065,false,0.070111913,0.17,false,0.075840721
0.045,true,0.070254282,0.0,true,0.064522582,0.115,false,0.068463296,0.08,false,0.079091029
0.105,false,0.070171606,0.105,false,0.06551943,0.085,false,0.068838087,0.115,false,0.074943625
0.0,true,0.067829653,0.05,true,0.067500849,0.035,true,0.071055273,0.025,true,0.075329099
0.0,true,0.071348246,0.135,false,0.06739527,0.09,false,0.073627695,0.09,false,0.076086913
0.12,false,0.071747162,0.105,false,0.064779073,0.125,false,0.0741502,0.05,true,0.079040019
0.115,false,0.073936571,0.185,false,0.069849583,0.03,true,0.069780296,0.1,false,0.076919236
0.0,true,0.075755717,0.095,false,0.069873785,0.095,false,0.067607502,0.18,false,0.084049529
0.0,true,0.07703434,0.115,false,0.066135081,0.11,false,0.069539903,0.1,false,0.074013721
0.0,true,0.073800504,0.125,false,0.068923735,0.115,false,0.070638097,0.06,false,0.074086897
0.13,false,0.072430107,0.175,false,0.074853448,0.095,false,0.068244507,0.105,false,0.0752425
0.015,true,0.072716844,0.08,false,0.073435096,0.11,false,0.072472226,0.145,false,0.078223327
0.0,true,0.069200414,0.145,false,0.081852666,0.165,false,0.067894609,0.075,false,0.072128934
0.155,false,0.070452992,0.15,false,0.074935888,0.085,false,0.068057021,0.0,true,0.076350351
0.135,false,0.070140352,0.0,true,0.081402144,0.115,false,0.06642311,0.14,false,0.07553779
0.0,true,0.069700459,0.08,false,0.074379128,0.12,false,0.067333324,0.035,true,0.073175139
0.15,false,0.07165343,0.115,false,0.077776923,0.14,false,0.066421322,0.12,false,0.073889836
0.065,false,0.06877457,0.035,true,0.074623869,0.115,false,0.073079564,0.05,true,0.077277208
0.06,false,0.071422771,0.105,false,0.075590805,0.125,false,0.066909114,0.105,false,0.074495255
0.0,true,0.069897937,0.08,false,0.071337799,0.145,false,0.068831788,0.075,false,0.075018239
0.0,true,0.073571408,0.075,false,0.070266975,0.13,false,0.070269914,0.145,false,0.076826046
0.0,true,0.066381866,0.0,true,0.073210001,0.08,false,0.068400311,0.145,false,0.071920957
0.005,true,0.067959559,0.22,false,0.071604155,0.08,false,0.069192638,0.16,false,0.078066102
0.0,true,0.066277879,0.105,false,0.072788044,0.195,false,0.069880389,0.01,true,0.076656892
0.06,false,0.071006212,0.0,true,0.076212587,0.185,false,0.068053221,0.085,false,0.073610307
0.0,true,0.069716749,0.11,false,0.072653399,0.1,false,0.0731993,0.08,false,0.076606794
0.0,true,0.065183629,0.0,true,0.072646588,0.13,false,0.069392242,0.17,false,0.078759642
0.0,true,0.06991131,0.14,false,0.07099175,0.085,false,0.068442461,0.11,false,0.075938753
0.135,false,0.069587948,0.05,true,0.068454946,0.11,false,0.070116632,0.0,true,0.075197337
0.08,false,0.070051886,0.13,false,0.074665375,0.045,true,0.06664488,0.1,false,0.076093952
0.0,true,0.074995433,0.075,false,0.072221603,0.105,false,0.075362307,0.1,false,0.077363851
0.115,false,0.074532363,0.015,true,0.074851684,0.085,false,0.068721142,0.05,true,0.070646375
0.02,true,0.08212093,0.005,true,0.070991149,0.085,false,0.066462353,0.105,false,0.073029274
0.15,false,0.072164273,0.0,true,0.073739159,0.13,false,0.073874848,0.135,false,0.070905574
0.155,false,0.069531677,0.115,false,0.070311416,0.125,false,0.073264121,0.0,true,0.069292878
0.095,false,0.069726025,0.005,true,0.07206896,0.095,false,0.067832497,0.12,false,0.074697827
0.045,true,0.077137801,0.0,true,0.076884563,0.075,false,0.075324785,0.115,false,0.073947134
0.1,false,0.074507098,0.09,false,0.071616202,0.125,false,0.072204642,0.075,false,0.077521729
0.0,true,0.081781049,0.095,false,0.070546036,0.12,false,0.072303995,0.045,true,0.074576732
0.055,false,0.070046446,0.11,false,0.070556137,0.14,false,0.067445746,0.11,false,0.070433389
0.0,true,0.071410278,0.115,false,0.072062331,0.145,false,0.068943839,0.0,true,0.073574918
0.1,false,0.071128601,0.08,false,0.075064073,0.125,false,0.071123509,0.075,false,0.070930065
0.055,false,0.073465205,0.115,false,0.083011381,0.135,false,0.071895755,0.15,false,0.072532932
0.11,false,0.06886015,0.105,false,0.074977422,0.115,false,0.072040965,0.1,false,0.079393897
0.095,false,0.072758296,0.085,false,0.072685548,0.08,false,0.069663208,0.13,false,0.078669535
0.085,false,0.073356266,0.15,false,0.073468286,0.0,true,0.070890635,0.1,false,0.081647831
0.1,false,0.072928289,0.015,true,0.069423858,0.035,true,0.068109956,0.06,false,0.077948227
0.0,true,0.069353535,0.125,false,0.075930347,0.11,false,0.069161559,0.17,false,0.077970898
0.12,false,0.067627037,0.085,false,0.077246333,0.16,false,0.070202866,0.125,false,0.079767005
0.125,false,0.068718741,0.115,false,0.071691565,0.04,true,0.073720179,0.095,false,0.07632949
0.0,true,0.069705021,0.22,false,0.074271078,0.11,false,0.068408082,0.205,false,0.080894238
0.005,true,0.068513533,0.125,false,0.071536654,0.0,true,0.069221589,0.0,true,0.084468274
0.03,true,0.071814841,0.0,true,0.078571374,0.1,false,0.070953161,0.05,true,0.080494952
0.0,true,0.07224102,0.0,true,0.071196752,0.145,false,0.070625626,0.015,true,0.079439009
0.0,true,0.077979054,0.09,false,0.069599325,0.13,false,0.069463257,0.11,false,0.076400363
0.0,true,0.07404808,0.105,false,0.074390502,0.135,false,0.072830904,0.115,false,0.077558908
0.1,false,0.078414055,0.075,false,0.073009531,0.13,false,0.071542128,0.09,false,0.082002567
0.1,false,0.069319012,0.145,false,0.070944598,0.125,false,0.068507893,0.075,false,0.081665506
0.115,false,0.0746295,0.0,true,0.072000293,0.08,false,0.06786739,0.075,false,0.073684007
0.07,false,0.074804665,0.065,false,0.070903303,0.085,false,0.06897045,0.01,true,0.076389165
0.145,false,0.082981513,0.13,false,0.082047022,0.135,false,0.070856856,0.08,false,0.081297903
0.205,false,0.081363959,0.06,false,0.073134785,0.06,false,0.080931478,0.12,false,0.075819888
0.09,false,0.081476593,0.105,false,0.071360299,0.0,true,0.076128403,0.145,false,0.079655587
0.085,false,0.072127335,0.28,false,0.074244748,0.105,false,0.076914105,0.0,true,0.08007468
0.13,false,0.073827785,0.115,false,0.076891757,0.135,false,0.073275039,0.075,false,0.081517553
0.0,true,0.073405538,0.135,false,0.070072247,0.12,false,0.07579298,0.115,false,0.0776951
0.115,false,0.080610315,0.105,false,0.072653629,0.0,true,0.079104025,0.115,false,0.0809065
0.07,false,0.07868993,0.055,false,0.072610222,0.09,false,0.076169576,0.155,false,0.080536271
0.095,false,0.077879546,0.0,true,0.074307068,0.16,false,0.076562807,0.0,true,0.081489507
0.0,true,0.073343943,0.095,false,0.072721488,0.15,false,0.074110945,0.1,false,0.078503031
0.065,false,0.069766088,0.545,false,0.070937304,0.075,false,0.073203561,0.0,true,0.081959928
0.18,false,0.07704991,0.06,false,0.071284812,0.1,false,0.07579013,0.105,false,0.076308394
0.12,false,0.077561492,0.195,false,0.074670338,0.15,false,0.076712199,0.18,false,0.081164132
0.125,false,0.078325901,0.24,false,0.071157239,0.06,false,0.06903977,0.17,false,0.0745537
0.14,false,0.08561452,0.125,false,0.072270168,0.165,false,0.08345832,0.13,false,0.076720607
0.0,true,0.076572418,0.0,true,0.076703018,0.195,false,0.078296552,0.16,false,0.079107152
0.065,false,0.074086136,0.0,true,0.073428486,0.115,false,0.074872395,0.05,true,0.080829236
0.0,true,0.072351997,0.1,false,0.071749758,0.12,false,0.07413886,0.0,true,0.076788605
0.08,false,0.071717277,0.185,false,0.076481478,0.155,false,0.071614121,0.14,false,0.075355167
0.075,false,0.07679598,0.13,false,0.070341026,0.085,false,0.076889073,0.09,false,0.081759895
0.17,false,0.081594745,0.14,false,0.067114126,0.085,false,0.077605344,0.0,true,0.077631836
0.0,true,0.071203155,0.1,false,0.065937591,0.15,false,0.076046763,0.115,false,0.077389803
0.11,false,0.076354456,0.13,false,0.072179307,0.085,false,0.075458992,0.185,false,0.081343651
0.0,true,0.07712306,0.16,false,0.069225785,0.1,false,0.076509916,0.16,false,0.078813169
0.125,false,0.070470668,0.125,false,0.069491501,0.115,false,0.072540515,0.09,false,0.069566779
0.08,false,0.077072339,0.13,false,0.068504713,0.06,false,0.072460001,0.115,false,0.075987079
0.0,true,0.072062873,0.0,true,0.067023034,0.075,false,0.075449584,0.02,true,0.079338967
0.165,false,0.075065907,0.07,false,0.068521303,0.15,false,0.074078962,0.0,true,0.076012001
0.0,true,0.075347141,0.075,false,0.070450638,0.125,false,0.070600599,0.0,true,0.078957943
0.055,false,0.077412544,0.04,true,0.070456432,0.105,false,0.076145259,0.015,true,0.07635151
0.03,true,0.079570376,0.04,true,0.065059369,0.125,false,0.072473348,0.0,true,0.07724289
0.055,false,0.079664431,0.16,false,0.06576645,0.13,false,0.072294449,0.08,false,0.080412858
0.155,false,0.088293086,0.12,false,0.066463973,0.17,false,0.071978376,0.025,true,0.077618969
0.11,false,0.072521425,0.1,false,0.067587131,0.135,false,0.075545563,0.115,false,0.075467258
0.0,true,0.072916097,0.08,false,0.06809318,0.165,false,0.073747279,0.085,false,0.075703928
0.04,true,0.073200301,0.19,false,0.071897541,0.05,true,0.074904971,0.075,false,0.078419024
0.14,false,0.076228865,0.06,false,0.071659313,0.195,false,0.074594137,0.1,false,0.07527291
0.12,false,0.077242186,0.1,false,0.067661107,0.08,false,0.069702373,0.155,false,0.073561087
0.185,false,0.079588618,0.155,false,0.069469348,0.155,false,0.074629427,0.13,false,0.075617693
0.0,true,0.0804794,0.165,false,0.068560469,0.03,true,0.077673182,0.07,false,0.076089648
0.105,false,0.072851363,0.11,false,0.067510515,0.105,false,0.073325015,0.16,false,0.073586873
0.07,false,0.074699302,0.09,false,0.067190323,0.035,true,0.072707632,0.075,false,0.081671505
0.065,false,0.075312815,0.09,false,0.069790289,0.035,true,0.075628446,0.07,false,0.078109711
0.03,true,0.069772115,0.155,false,0.065157519,0.16,false,0.071606918,0.11,false,0.078200388
0.02,true,0.074551174,0.11,false,0.067628418,0.125,false,0.074399089,0.06,false,0.073805576
0.135,false,0.076369129,0.15,false,0.071150303,0.13,false,0.085895718,0.105,false,0.076126202
0.03,true,0.075532574,0.0,true,0.068539124,0.115,false,0.074943795,0.045,true,0.071910044
0.07,false,0.071542217,0.03,true,0.069467843,0.125,false,0.074952075,0.175,false,0.086940593
0.0,true,0.073593436,0.0,true,0.068568518,0.1,false,0.074392291,0.0,true,0.086952432
0.05,true,0.06782383,0.125,false,0.067832854,0.1,false,0.072292638,0.165,false,0.080111799
0.0,true,0.076454256,0.02,true,0.07081992,0.06,false,0.078527124,0.095,false,0.080811247
0.06,false,0.075498037,0.005,true,0.069174752,0.12,false,0.078039289,0.0,true,0.082348168
0.135,false,0.074488329,0.095,false,0.068848789,0.08,false,0.078255324,0.115,false,0.084119985
0.0,true,0.072407322,0.195,false,0.067458747,0.135,false,0.073771517,0.16,false,0.083546761
0.065,false,0.07989906,0.04,true,0.066724185,0.04,true,0.073069005,0.04,true,0.076779987
0.0,true,0.08293331,0.035,true,0.066952261,0.14,false,0.078756687,0.125,false,0.080209219
0.025,true,0.08089605,0.12,false,0.068596373,0.155,false,0.074782424,0.1,false,0.078026362
0.095,false,0.075350487,0.005,true,0.068515075,0.065,false,0.07593535,0.065,false,0.078136509
0.065,false,0.075952225,0.025,true,0.066405935,0.11,false,0.075023745,0.115,false,0.078255609
0.05,true,0.074778578,0.13,false,0.067464482,0.115,false,0.074805039,0.175,false,0.082204972
0.09,false,0.081304763,0.155,false,0.073556511,0.105,false,0.078622836,0.175,false,0.087858175
0.06,false,0.0824801,0.02,true,0.069300627,0.13,false,0.071658463,0.12,false,0.079401087
0.05,true,0.083595451,0.06,false,0.068751124,0.19,false,0.073602637,0.13,false,0.084333185
0.0,true,0.073172957,0.2,false,0.070448582,0.09,false,0.078485009,0.0,true,0.081497179
0.0,true,0.076560203,0.265,false,0.067670005,0.135,false,0.077225601,0.11,false,0.078920913
0.055,false,0.068126359,0.4,false,0.065834512,0.17,false,0.072348075,0.145,false,0.077052099
0.105,false,0.07077329,0.1,false,0.072516843,0.125,false,0.079137735,0.085,false,0.083689475
0.0,true,0.067376956,0.1,false,0.070835842,0.115,false,0.076324841,0.015,true,0.078713943
0.0,true,0.076299104,0.0,true,0.065320391,0.13,false,0.077499582,0.11,false,0.073762456
0.0,true,0.067829266,0.09,false,0.067384111,0.15,false,0.076352305,0.14,false,0.079209958
0.0,true,0.07137061,0.0,true,0.06892809,0.12,false,0.07911868,0.1,false,0.077211655
0.2,false,0.070925586,0.055,false,0.068337203,0.13,false,0.075772946,0.0,true,0.069115616
0.0,true,0.067695009,0.075,false,0.070720769,0.08,false,0.067223012,0.16,false,0.07390747
0.0,true,0.066057984,0.04,true,0.070527445,0.135,false,0.073645917,0.16,false,0.070711057
0.275,false,0.077946239,0.105,false,0.068524276,0.14,false,0.076297409,0.125,false,0.072912494
0.065,false,0.067665907,0.045,true,0.069677418,0.09,false,0.071424541,0.07,false,0.07509071
0.04,true,0.068583276,0.085,false,0.070650481,0.1,false,0.077012006,0.115,false,0.07333663
0.0,true,0.073828679,0.05,true,0.066550164,0.085,false,0.071780631,0.115,false,0.072151519
0.175,false,0.077544198,0.025,true,0.071908071,0.145,false,0.072377723,0.07,false,0.075296012
0.095,false,0.072772837,0.17,false,0.067307468,0.16,false,0.070425193,0.195,false,0.070336721
0.085,false,0.071320037,0.085,false,0.063687892,0.05,true,0.068130868,0.155,false,0.071373062
0.0,true,0.073475128,0.035,true,0.070736471,0.075,false,0.069161638,0.16,false,0.070068663
0.095,false,0.069877094,0.125,false,0.07160688,0.11,false,0.074830055,0.06,false,0.075423858
0.0,true,0.066537053,0.0,true,0.070119243,0.12,false,0.073839304,0.17,false,0.073700442
0.0,true,0.071746277,0.085,false,0.072338851,0.13,false,0.067732544,0.085,false,0.074759731
0.115,false,0.071555771,0.12,false,0.067588663,0.155,false,0.068846173,0.065,false,0.072293183
0.03,true,0.070305591,0.04,true,0.065335406,0.13,false,0.067232781,0.125,false,0.073178361
0.14,false,0.070768606,0.1,false,0.068051177,0.095,false,0.06994097,0.115,false,0.071331575
0.11,false,0.072039665,0.0,true,0.068904203,0.09,false,0.071458031,0.11,false,0.070144955
0.065,false,0.069268593,0.09,false,0.073385888,0.08,false,0.072316281,0.025,true,0.070620573
0.0,true,0.075844724,0.05,true,0.071068592,0.13,false,0.071352518,0.095,false,0.072139429
0.03,true,0.068122223,0.11,false,0.075833742,0.095,false,0.068665423,0.04,true,0.076444524
0.0,true,0.071310349,0.09,false,0.075680604,0.075,false,0.070560571,0.0,true,0.074193491
0.065,false,0.072100792,0.175,false,0.071448415,0.05,true,0.069158617,0.14,false,0.07100615
0.0,true,0.070592407,0.0,true,0.070980063,0.155,false,0.06711438,0.125,false,0.07521764
0.0,true,0.070447486,0.1,false,0.074124376,0.0,true,0.074568837,0.115,false,0.065933084
0.0,true,0.075836129,0.135,false,0.075066155,0.13,false,0.070049657,0.09,false,0.06940864
0.01,true,0.075058736,0.14,false,0.073406591,0.115,false,0.069744733,0.06,false,0.074302791
0.125,false,0.076828595,0.105,false,0.073753487,0.09,false,0.073916711,0.06,false,0.07129052
0.135,false,0.076261978,0.215,false,0.069293096,0.11,false,0.068194181,0.12,false,0.070901628
0.195,false,0.070578382,0.185,false,0.06890016,0.12,false,0.070276927,0.07,false,0.072392479
0.1,false,0.076184218,0.065,false,0.073818002,0.105,false,0.075491377,0.085,false,0.068037329
0.145,false,0.070174627,0.0,true,0.077030204,0.285,false,0.069623164,0.075,false,0.07104041
0.075,false,0.072707929,0.03,true,0.080328133,0.095,false,0.069435575,0.0,true,0.075634814
0.0,true,0.07491091,0.025,true,0.071597593,0.125,false,0.068757276,0.12,false,0.070577997
0.0,true,0.074491765,0.18,false,0.067212415,0.155,false,0.070207094,0.11,false,0.071025357
0.03,true,0.069065445,0.065,false,0.063945131,0.055,false,0.067610384,0.0,true,0.069570427
0.0,true,0.070604309,0.085,false,0.071195874,0.085,false,0.073413189,0.025,true,0.069056161
0.13,false,0.071767896,0.135,false,0.06813881,0.14,false,0.068007554,0.0,true,0.070223331
0.0,true,0.07664324,0.125,false,0.078060238,0.105,false,0.071822692,0.18,false,0.072113812
0.0,true,0.078838976,0.0,true,0.072923824,0.135,false,0.068278921,0.01,true,0.072868622
0.0,true,0.080551835,0.11,false,0.068250593,0.115,false,0.070544771,0.105,false,0.073520434
0.085,false,0.077471145,0.03,true,0.069720512,0.08,false,0.068563026,0.0,true,0.078679927
0.0,true,0.075706138,0.16,false,0.065737789,0.105,false,0.070599906,0.105,false,0.079217293
0.0,true,0.075373075,0.065,false,0.067995125,0.02,true,0.074411205,0.065,false,0.079358992
0.0,true,0.075195712,0.115,false,0.076229831,0.1,false,0.069623902,0.095,false,0.075326311
0.09,false,0.073532366,0.03,true,0.070186512,0.1,false,0.066973075,0.125,false,0.079547679
0.04,true,0.074311903,0.12,false,0.070287017,0.055,false,0.071598329,0.055,false,0.074883025
0.075,false,0.069824545,0.13,false,0.072016764,0.075,false,0.073449638,0.17,false,0.075345691
0.13,false,0.070872947,0.12,false,0.072705934,0.185,false,0.07504712,0.0,true,0.07599069
0.03,true,0.066920664,0.145,false,0.069739983,0.055,false,0.071943729,0.12,false,0.077737273
0.09,false,0.06880444,0.095,false,0.072703212,0.095,false,0.067421888,0.09,false,0.075960888
0.085,false,0.069552879,0.0,true,0.077838238,0.165,false,0.072180173,0.13,false,0.078958208
0.0,true,0.07041703,0.0,true,0.071574852,0.065,false,0.070435963,0.175,false,0.075437337
0.0,true,0.072185411,0.165,false,0.072967821,0.15,false,0.072140984,0.035,true,0.075069793
0.185,false,0.069335643,0.145,false,0.071217323,0.04,true,0.066944501,0.0,true,0.07785744
0.22,false,0.070020207,0.05,true,0.07136097,0.0,true,0.074671164,0.135,false,0.072450634
0.125,false,0.070760656,0.15,false,0.072582164,0.095,false,0.066616562,0.15,false,0.075091485
0.085,false,0.070991242,0.09,false,0.068350784,0.095,false,0.07243404,0.17,false,0.075322802
0.0,true,0.071885188,0.125,false,0.073490313,0.07,false,0.0673964,0.055,false,0.071192027
0.165,false,0.06973257,0.07,false,0.07167327,0.09,false,0.070069713,0.105,false,0.073497261
0.0,true,0.06753837,0.0,true,0.071713673,0.095,false,0.070679076,0.125,false,0.068807646
0.0,true,0.069178313,0.16,false,0.071215043,0.13,false,0.079717116,0.04,true,0.069597783
0.15,false,0.074817182,0.12,false,0.069420981,0.0,true,0.072233448,0.12,false,0.072892185
0.0,true,0.076268953,0.125,false,0.06868446,0.13,false,0.072048921,0.11,false,0.070252371
0.11,false,0.079795962,0.06,false,0.066096239,0.08,false,0.067016723,0.125,false,0.07095412
0.115,false,0.073403619,0.04,true,0.067350364,0.115,false,0.074053788,0.0,true,0.071624578
0.145,false,0.074417683,0.14,false,0.070160773,0.085,false,0.078808759,0.11,false,0.072611987
0.0,true,0.073261091,0.255,false,0.068643758,0.11,false,0.075623155,0.09,false,0.076582108
0.09,false,0.077005126,0.0,true,0.074772212,0.03,true,0.081956299,0.125,false,0.080043813
0.05,true,0.070859457,0.1,false,0.068468903,0.13,false,0.077989792,0.085,false,0.08117902
0.09,false,0.080603513,0.08,false,0.066381566,0.125,false,0.074257971,0.04,true,0.07376134
0.0,true,0.077274789,0.04,true,0.065163511,0.12,false,0.077508487,0.25,false,0.074472428
0.0,true,0.073934503,0.125,false,0.070743008,0.15,false,0.078601928,0.125,false,0.073707796
0.03,true,0.077327979,0.07,false,0.066330678,0.095,false,0.076627295,0.0,true,0.072078159
0.165,false,0.072277515,0.07,false,0.075973017,0.12,false,0.079609703,0.115,false,0.071020096
0.0,true,0.073249118,0.16,false,0.069890606,0.1,false,0.075991898,0.12,false,0.072520122
0.085,false,0.078848661,0.115,false,0.068006438,0.07,false,0.074643723,0.13,false,0.074900255
0.095,false,0.073977639,0.09,false,0.067751279,0.0,true,0.073757061,0.08,false,0.071155628
0.0,true,0.080140738,0.0,true,0.07092335,0.11,false,0.076675273,0.105,false,0.074919889
0.095,false,0.075744901,0.075,false,0.067013786,0.14,false,0.075124517,0.12,false,0.072322512
0.11,false,0.070330018,0.115,false,0.0718562,0.075,false,0.080370389,0.11,false,0.075207382
0.0,true,0.074027152,0.13,false,0.066542667,0.075,false,0.074271613,0.21,false,0.072406281
0.175,false,0.075792156,0.115,false,0.065464416,0.175,false,0.075696224,0.14,false,0.075720477
0.0,true,0.075395572,0.025,true,0.066462177,0.065,false,0.074744641,0.1,false,0.069932336
0.09,false,0.073237988,0.135,false,0.064519672,0.08,false,0.072503156,0.12,false,0.074164263
0.02,true,0.07130483,0.08,false,0.067716583,0.075,false,0.073041799,0.05,true,0.072981936
0.135,false,0.074619842,0.06,false,0.071362107,0.085,false,0.078458886,0.105,false,0.070998762
0.15,false,0.072392859,0.015,true,0.067993404,0.12,false,0.075422133,0.035,true,0.074141882
0.065,false,0.07428687,0.155,false,0.074744926,0.16,false,0.073735839,0.105,false,0.071361195
0.04,true,0.072556599,0.035,true,0.07434546,0.13,false,0.073825897,0.12,false,0.066975224
0.14,false,0.074650027,0.09,false,0.077665376,0.145,false,0.077499768,0.16,false,0.074320019
0.055,false,0.069300268,0.105,false,0.077531304,0.055,false,0.072850604,0.05,true,0.069993264
0.115,false,0.078773773,0.075,false,0.076268934,0.0,true,0.080588793,0.03,true,0.071028667
0.005,true,0.080188716,0.1,false,0.073027486,0.035,true,0.075840524,0.085,false,0.072914858
0.12,false,0.078497866,0.085,false,0.070485874,0.14,false,0.071853033,0.075,false,0.071277101
0.195,false,0.076224838,0.065,false,0.069181931,0.13,false,0.072903678,0.155,false,0.075334933
0.04,true,0.075599143,0.08,false,0.071177257,0.11,false,0.076833014,0.15,false,0.070464812
0.0,true,0.078297024,0.055,false,0.068898043,0.145,false,0.074811708,0.075,false,0.07122432
0.0,true,0.077375751,0.14,false,0.073986013,0.035,true,0.077238904,0.065,false,0.070179481
0.02,true,0.07242017,0.185,false,0.067138864,0.135,false,0.079112006,0.065,false,0.068890304
0.0,true,0.081238028,0.0,true,0.071398492,0.12,false,0.075441507,0.165,false,0.073759616
0.145,false,0.075103393,0.155,false,0.073154127,0.1,false,0.073852143,0.0,true,0.077351161
0.125,false,0.075734895,0.0,true,0.074160609,0.15,false,0.075052128,0.105,false,0.071381256
0.045,true,0.078366131,0.095,false,0.070412856,0.11,false,0.075304455,0.115,false,0.071700314
0.125,false,0.082541522,0.09,false,0.071763782,0.075,false,0.074407519,0.145,false,0.071784346
0.035,true,0.08065284,0.125,false,0.072739782,0.125,false,0.078680235,0.105,false,0.066658399
0.045,true,0.087994734,0.11,false,0.066773536,0.07,false,0.07452862,0.09,false,0.073265121
0.125,false,0.071347101,0.09,false,0.070446774,0.075,false,0.078030529,0.13,false,0.076377471
0.045,true,0.073713196,0.08,false,0.071504421,0.075,false,0.070901781,0.125,false,0.07782834
0.09,false,0.073767294,0.145,false,0.07176916,0.09,false,0.07639448,0.145,false,0.078551392
0.025,true,0.078881665,0.105,false,0.071990084,0.12,false,0.074006852,0.0,true,0.078494993
0.0,true,0.078427477,0.07,false,0.065588462,0.0,true,0.078758269,0.04,true,0.075028003
0.08,false,0.084070892,0.0,true,0.070423869,0.05,true,0.071020671,0.115,false,0.07219777
0.0,true,0.070164983,0.05,true,0.069675152,0.04,true,0.073981108,0.095,false,0.078756214
0.095,false,0.075414556,0.085,false,0.071293712,0.12,false,0.075390275,0.06,false,0.076437568
0.085,false,0.071321385,0.03,true,0.067391166,0.085,false,0.076267903,0.155,false,0.07457722
0.13,false,0.076133008,0.13,false,0.072240184,0.08,false,0.075607408,0.115,false,0.073470721
0.0,true,0.076259282,0.0,true,0.070724665,0.06,false,0.078795767,0.165,false,0.074322705
0.125,false,0.076536701,0.165,false,0.067048239,0.135,false,0.07289,0.0,true,0.0749728
0.04,true,0.071632927,0.055,false,0.06645022,0.1,false,0.074377302,0.105,false,0.079651095
0.05,true,0.070541604,0.065,false,0.076573686,0.09,false,0.077721008,0.0,true,0.083155632
0.0,true,0.07130116,0.125,false,0.070372117,0.125,false,0.077648443,0.155,false,0.077339686
0.145,false,0.06757322,0.09,false,0.071841002,0.1,false,0.072265404,0.14,false,0.081821157
0.125,false,0.065934796,0.125,false,0.070510989,0.0,true,0.074747377,0.06,false,0.075296631
0.025,true,0.073408255,0.09,false,0.069925004,0.12,false,0.08212767,0.0,true,0.074645153
0.0,true,0.068857133,0.125,false,0.066340922,0.0,true,0.073200223,0.12,false,0.079363929
0.125,false,0.072215133,0.07,false,0.069003879,0.07,false,0.071842239,0.095,false,0.078475374
0.0,true,0.071719077,0.095,false,0.065696856,0.12,false,0.075743875,0.17,false,0.074396574
0.0,true,0.070840729,0.17,false,0.068231632,0.11,false,0.07355768,0.165,false,0.075466389
0.16,false,0.070694866,0.19,false,0.068545741,0.165,false,0.076286057,0.09,false,0.070667301
0.165,false,0.087756092,0.055,false,0.06992916,0.13,false,0.081018157,0.15,false,0.075771137
0.0,true,0.081158346,0.21,false,0.07086116,0.18,false,0.076433407,0.1,false,0.07225038
0.16,false,0.08169937,0.165,false,0.067070002,0.14,false,0.073839423,0.155,false,0.082851609
0.085,false,0.079211351,0.08,false,0.067521153,0.095,false,0.07399538,0.15,false,0.073383695
0.1,false,0.079535269,0.125,false,0.069846801,0.09,false,0.076425115,0.165,false,0.078613977
0.0,true,0.079142395,0.1,false,0.067995826,0.155,false,0.074170752,0.095,false,0.076613097
0.075,false,0.084048071,0.09,false,0.072163497,0.165,false,0.082268523,0.115,false,0.076953022
0.0,true,0.08207253,0.05,true,0.069127158,0.13,false,0.075631541,0.0,true,0.075385627
0.04,true,0.07770795,0.035,true,0.067130997,0.08,false,0.075427496,0.105,false,0.083244009
0.065,false,0.074285985,0.11,false,0.069604532,0.12,false,0.07296795,0.035,true,0.076154337
0.125,false,0.069471798,0.0,true,0.074683079,0.15,false,0.073343562,0.0,true,0.07488263
0.135,false,0.072019252,0.15,false,0.07596148,0.12,false,0.073538059,0.035,true,0.073927593
0.01,true,0.074642988,0.13,false,0.067200649,0.12,false,0.078339817,0.145,false,0.073016637
0.045,true,0.075636527,0.0,true,0.069642858,0.1,false,0.072478651,0.105,false,0.071522609
0.16,false,0.074078429,0.135,false,0.071488414,0.1,false,0.072082367,0.095,false,0.079388792
0.0,true,0.07381961,0.105,false,0.066916054,0.12,false,0.073435597,0.0,true,0.079279092
0.115,false,0.075728794,0.12,false,0.06600383,0.115,false,0.073729342,0.09,false,0.07657999
0.0,true,0.075477326,0.055,false,0.070550514,0.115,false,0.077893965,0.065,false,0.072800405
0.0,true,0.075498556,0.095,false,0.070652136,0.12,false,0.076332573,0.075,false,0.076335061
0.015,true,0.077325047,0.06,false,0.067403129,0.11,false,0.077605533,0.0,true,0.074694856
0.0,true,0.075389838,0.005,true,0.066433311,0.07,false,0.072925829,0.115,false,0.072407204
0.13,false,0.076138404,0.165,false,0.075266364,0.175,false,0.076177969,0.145,false,0.078919251
0.105,false,0.076743822,0.0,true,0.070193404,0.16,false,0.075337552,0.125,false,0.077318289
0.0,true,0.076089221,0.105,false,0.072430091,0.055,false,0.074111255,0.0,true,0.074973257
0.0,true,0.075088298,0.025,true,0.064645606,0.11,false,0.076127483,0.075,false,0.072475718
0.045,true,0.076157093,0.0,true,0.066062391,0.13,false,0.076347257,0.125,false,0.075153816
0.07,false,0.071940099,0.0,true,0.067970298,0.06,false,0.074900526,0.06,false,0.067356731
0.02,true,0.075214309,0.075,false,0.06888615,0.14,false,0.074573961,0.145,false,0.077516407
0.01,true,0.07517258,0.105,false,0.06673635,0.095,false,0.075580842,0.08,false,0.072839987
0.13,false,0.071607457,0.0,true,0.073628198,0.175,false,0.077143288,0.0,true,0.071243663
0.155,false,0.076471061,0.07,false,0.074714585,0.15,false,0.077400353,0.1,false,0.072778797
0.065,false,0.071718689,0.135,false,0.073629914,0.13,false,0.076024223,0.04,true,0.070353416
0.115,false,0.075616112,0.12,false,0.071471306,0.1,false,0.073186024,0.065,false,0.069961137
0.115,false,0.075448831,0.08,false,0.071893638,0.14,false,0.076784844,0.0,true,0.075923601
0.05,true,0.076029272,0.0,true,0.072112955,0.08,false,0.074540417,0.125,false,0.070846346
0.0,true,0.074197333,0.1,false,0.075325238,0.075,false,0.075881605,0.1,false,0.069249545
0.09,false,0.077988951,0.05,true,0.074169907,0.0,true,0.077851858,0.0,true,0.074470163
0.125,false,0.075912408,0.075,false,0.071039376,0.15,false,0.078948946,0.02,true,0.068760969
0.0,true,0.078756676,0.0,true,0.071770714,0.08,false,0.075498932,0.11,false,0.073247065
0.155,false,0.071234978,0.195,false,0.073399874,0.195,false,0.075973505,0.0,true,0.070244885
0.11,false,0.074546159,0.0,true,0.076517993,0.135,false,0.074432465,0.08,false,0.075417242
0.0,true,0.075273591,0.06,false,0.076396169,0.04,true,0.075843778,0.13,false,0.072223856
0.12,false,0.074883656,0.03,true,0.070505928,0.13,false,0.07739804,0.14,false,0.073077396
0.12,false,0.077300611,0.015,true,0.070960261,0.015,true,0.076231213,0.11,false,0.077548103
0.0,true,0.074286126,0.13,false,0.070740064,0.095,false,0.076363171,0.0,true,0.078899859
0.0,true,0.075544925,0.145,false,0.073536257,0.065,false,0.073865743,0.12,false,0.078621877
0.1,false,0.073016451,0.1,false,0.073681597,0.055,false,0.078067769,0.035,true,0.082838037
0.0,true,0.078304779,0.13,false,0.076253637,0.11,false,0.071561488,0.05,true,0.075937585
0.05,true,0.076431237,0.13,false,0.072942332,0.24,false,0.072296708,0.0,true,0.083248324
0.145,false,0.076986395,0.135,false,0.071362786,0.125,false,0.074908542,0.095,false,0.07849351
0.0,true,0.077680596,0.385,false,0.068213523,0.115,false,0.070861991,0.075,false,0.075525087
0.14,false,0.070288327,0.0,true,0.072654055,0.125,false,0.071674939,0.1,false,0.076292159
0.01,true,0.073190185,0.06,false,0.069775855,0.01,true,0.071688947,0.03,true,0.081362737
0.135,false,0.072018417,0.035,true,0.07408948,0.145,false,0.070174883,0.105,false,0.078335331
0.0,true,0.07516434,0.1,false,0.070356235,0.14,false,0.0709311,0.13,false,0.076911479
0.055,false,0.077556975,0.105,false,0.072167215,0.09,false,0.070021615,0.16,false,0.080281987
0.145,false,0.075911574,0.0,true,0.075116612,0.075,false,0.077907599,0.11,false,0.078137992
0.0,true,0.077123862,0.025,true,0.075211581,0.1,false,0.068877791,0.12,false,0.081811701
0.065,false,0.071062785,0.075,false,0.073053809,0.035,true,0.06898308,0.125,false,0.07791987
0.0,true,0.075473906,0.17,false,0.073169604,0.165,false,0.069054184,0.105,false,0.080006289
0.0,true,0.078159719,0.1,false,0.069957909,0.11,false,0.069698486,0.115,false,0.082874608
0.165,false,0.081056887,0.0,true,0.072556408,0.105,false,0.072798764,0.0,true,0.086185969
0.17,false,0.074183565,0.0,true,0.076788748,0.115,false,0.076475396,0.075,false,0.075787895
0.145,false,0.070522735,0.115,false,0.076603666,0.115,false,0.070871424,0.04,true,0.079516664
0.0,true,0.073640113,0.14,false,0.074287489,0.125,false,0.069690746,0.115,false,0.08185766
0.12,false,0.074216038,0.0,true,0.077908514,0.115,false,0.070846937,0.13,false,0.081510601
0.13,false,0.072993603,0.015,true,0.071841396,0.16,false,0.069778541,0.115,false,0.078453578
0.0,true,0.078041532,0.02,true,0.072484605,0.065,false,0.075646123,0.08,false,0.078732751
0.045,true,0.074819686,0.06,false,0.072500286,0.105,false,0.081281634,0.045,true,0.080214435
0.14,false,0.07283666,0.02,true,0.075259092,0.085,false,0.076621447,0.0,true,0.08039895
0.095,false,0.072152871,0.13,false,0.074744082,0.16,false,0.0738213,0.045,true,0.078689919
0.08,false,0.071249249,0.13,false,0.07482925,0.07,false,0.074206079,0.145,false,0.08180688
0.045,true,0.07443987,0.03,true,0.073228382,0.1,false,0.072109297,0.045,true,0.083984303
0.0,true,0.074994012,0.14,false,0.073033831,0.03,true,0.074583012,0.07,false,0.084835539
0.0,true,0.074125581,0.06,false,0.069270942,0.155,false,0.074813546,0.035,true,0.0762223
0.0,true,0.073250747,0.06,false,0.068463562,0.115,false,0.078067102,0.13,false,0.07738147
0.125,false,0.076237241,0.105,false,0.07354399,0.1,false,0.071192525,0.135,false,0.081363534
0.0,true,0.072832624,0.035,true,0.078443904,0.11,false,0.073671572,0.13,false,0.084297169
0.045,true,0.07267728,0.165,false,0.070711299,0.09,false,0.071572156,0.0,true,0.083858163
0.0,true,0.077242509,0.145,false,0.076285555,0.15,false,0.073970728,0.06,false,0.078683069
0.09,false,0.077342206,0.02,true,0.073866347,0.105,false,0.076111932,0.0,true,0.074454562
0.0,true,0.076483516,0.115,false,0.0718485,0.11,false,0.073709578,0.12,false,0.077434533
0.055,false,0.073254561,0.165,false,0.077925601,0.175,false,0.080103385,0.125,false,0.074410604
0.14,false,0.072244108,0.16,false,0.075516058,0.14,false,0.073685803,0.02,true,0.076543974
0.0,true,0.073446968,0.135,false,0.075411908,0.09,false,0.077145869,0.12,false,0.075140773
0.195,false,0.075356784,0.0,true,0.072271247,0.16,false,0.076315509,0.155,false,0.07506402
0.15,false,0.076293065,0.08,false,0.069302441,0.115,false,0.075340963,0.055,false,0.072277811
0.05,true,0.071674701,0.05,true,0.075157039,0.09,false,0.079768968,0.0,true,0.08698435
0.0,true,0.073655643,0.05,true,0.076371116,0.105,false,0.077791727,0.115,false,0.083524957
0.0,true,0.071896394,0.17,false,0.079565603,0.145,false,0.074964447,0.09,false,0.083067531
0.0,true,0.069033392,0.105,false,0.072437327,0.08,false,0.073411494,0.08,false,0.080039731
0.0,true,0.069894843,0.14,false,0.071934305,0.16,false,0.074697011,0.12,false,0.075091613
0.09,false,0.070080986,0.08,false,0.070582322,0.17,false,0.075678434,0.13,false,0.073549549
0.09,false,0.06933492,0.01,true,0.071927889,0.115,false,0.077037826,0.14,false,0.071908435
0.11,false,0.070928403,0.125,false,0.076025435,0.0,true,0.078865658,0.085,false,0.073913439
0.15,false,0.07287199,0.08,false,0.077240369,0.145,false,0.075525672,0.1,false,0.074943981
0.0,true,0.066771764,0.075,false,0.070591799,0.16,false,0.07586623,0.07,false,0.077652563
0.0,true,0.075300441,0.15,false,0.072498009,0.075,false,0.075195942,0.0,true,0.075427669
0.165,false,0.06775277,0.155,false,0.069117003,0.06,false,0.072187383,0.085,false,0.07450941
0.065,false,0.066735056,0.04,true,0.068041719,0.075,false,0.071150082,0.09,false,0.075920478
0.08,false,0.072156241,0.085,false,0.069637145,0.1,false,0.076656174,0.0,true,0.075323072
0.0,true,0.066929682,0.125,false,0.073485472,0.095,false,0.071319531,0.095,false,0.074989271
0.04,true,0.068785038,0.16,false,0.068665107,0.085,false,0.073429493,0.1,false,0.076258208
0.05,true,0.074930475,0.065,false,0.067483842,0.145,false,0.069074018,0.065,false,0.071283428
0.0,true,0.067950476,0.09,false,0.067611997,0.14,false,0.070568254,0.17,false,0.076527927
0.0,true,0.069779824,0.01,true,0.067851914,0.155,false,0.067669826,0.065,false,0.074642976
0.145,false,0.073009163,0.135,false,0.068174669,0.11,false,0.075305858,0.05,true,0.078091764
0.185,false,0.075394094,0.14,false,0.072691929,0.07,false,0.067708165,0.145,false,0.082637903
0.0,true,0.074049546,0.215,false,0.067718665,0.0,true,0.07269822,0.08,false,0.080022225
0.04,true,0.072959228,0.11,false,0.069886623,0.105,false,0.067153432,0.08,false,0.083026942
0.08,false,0.076870627,0.015,true,0.06933723,0.095,false,0.072027098,0.05,true,0.080350832
0.155,false,0.075094448,0.1,false,0.070629873,0.105,false,0.068139119,0.12,false,0.079887604
0.03,true,0.073515598,0.025,true,0.071028905,0.09,false,0.076336842,0.1,false,0.076416396
0.09,false,0.071524582,0.14,false,0.071191925,0.0,true,0.073552623,0.08,false,0.073543897
0.055,false,0.073880807,0.015,true,0.066132544,0.095,false,0.071965275,0.11,false,0.08508337
0.0,true,0.074913212,0.065,false,0.066352336,0.0,true,0.071447535,0.06,false,0.081931548
0.12,false,0.071625529,0.11,false,0.067575916,0.065,false,0.069271777,0.09,false,0.084319042
0.125,false,0.069247815,0.07,false,0.066168301,0.115,false,0.06743737,0.125,false,0.075215776
0.185,false,0.067593747,0.03,true,0.069371581,0.125,false,0.072825939,0.0,true,0.081804321
0.0,true,0.071349576,0.16,false,0.073536069,0.0,true,0.078336464,0.135,false,0.081665348
0.16,false,0.072447084,0.055,false,0.069377785,0.065,false,0.071759387,0.12,false,0.081116011
0.03,true,0.070722044,0.04,true,0.069547605,0.0,true,0.071064184,0.0,true,0.087861326
0.15,false,0.073490918,0.1,false,0.06742397,0.09,false,0.069887977,0.145,false,0.077960508
0.05,true,0.070650495,0.035,true,0.068922977,0.115,false,0.074068279,0.0,true,0.078908468
0.145,false,0.072567287,0.15,false,0.069870439,0.12,false,0.06948994,0.115,false,0.079536781
0.0,true,0.079886139,0.13,false,0.070875288,0.125,false,0.072529982,0.1,false,0.077314249
0.195,false,0.076452412,0.145,false,0.068903621,0.0,true,0.069683509,0.0,true,0.07996687
0.125,false,0.074607525,0.14,false,0.06836332,0.0,true,0.07360712,0.145,false,0.081059546
0.02,true,0.069724847,0.185,false,0.067105147,0.155,false,0.069876895,0.13,false,0.075533991
0.14,false,0.063989692,0.05,true,0.065808257,0.075,false,0.070841469,0.065,false,0.067506894
0.135,false,0.069040031,0.115,false,0.068909132,0.14,false,0.0686396,0.075,false,0.069676107
0.015,true,0.069665785,0.105,false,0.069459324,0.105,false,0.074476208,0.13,false,0.069134883
0.095,false,0.069198441,0.105,false,0.070651731,0.0,true,0.071998975,0.095,false,0.070279974
0.07,false,0.072939979,0.11,false,0.066208561,0.16,false,0.072980923,0.0,true,0.07666996
0.0,true,0.070105426,0.035,true,0.07059704,0.125,false,0.077332733,0.135,false,0.065235493
0.0,true,0.072606473,0.06,false,0.067354487,0.0,true,0.077125449,0.06,false,0.073376043
0.1,false,0.071061409,0.105,false,0.068632306,0.14,false,0.077892737,0.045,true,0.070683917
0.055,false,0.0708189,0.11,false,0.073321664,0.1,false,0.080195285,0.12,false,0.069745638
0.1,false,0.067510759,0.145,false,0.068340568,0.105,false,0.074056708,0.035,true,0.074557708
0.02,true,0.06855397,0.0,true,0.069820691,0.075,false,0.07431178,0.0,true,0.077642254
0.055,false,0.066554569,0.05,true,0.067173114,0.115,false,0.079119031,0.0,true,0.070001941
0.005,true,0.069248952,0.015,true,0.071717218,0.065,false,0.074559092,0.015,true,0.070813487
0.095,false,0.069816527,0.18,false,0.069011203,0.18,false,0.076084656,0.145,false,0.071942337
0.09,false,0.073046328,0.095,false,0.072380233,0.115,false,0.079472405,0.02,true,0.075647232
0.0,true,0.075534472,0.01,true,0.068234714,0.06,false,0.08171994,0.14,false,0.075373922
0.0,true,0.076519727,0.04,true,0.070175738,0.0,true,0.075816703,0.0,true,0.077538556
0.135,false,0.074268697,0.03,true,0.066595394,0.08,false,0.074707305,0.015,true,0.077186208
0.13,false,0.069019516,0.095,false,0.064209157,0.195,false,0.07759939,0.11,false,0.072689589
0.105,false,0.071605686,0.085,false,0.070871919,0.16,false,0.076187016,0.0,true,0.073581712
0.16,false,0.07718092,0.12,false,0.075316423,0.11,false,0.071074566,0.09,false,0.069296599
0.06,false,0.077649902,0.06,false,0.068990051,0.1,false,0.077733409,0.055,false,0.07098722
0.12,false,0.077783982,0.115,false,0.067836907,0.09,false,0.073918671,0.0,true,0.073428826
0.18,false,0.075805948,0.16,false,0.065435855,0.03,true,0.072890508,0.135,false,0.074531688
0.055,false,0.068899164,0.055,false,0.067097523,0.135,false,0.075578755,0.16,false,0.070047566
0.09,false,0.072020481,0.025,true,0.069157464,0.14,false,0.074883004,0.0,true,0.067604482
0.0,true,0.065916161,0.125,false,0.065936732,0.135,false,0.076522173,0.05,true,0.073083695
0.135,false,0.071298446,0.145,false,0.071382152,0.07,false,0.085795057,0.12,false,0.072658034
0.04,true,0.069243686,0.11,false,0.070671522,0.145,false,0.072866652,0.13,false,0.068614862
0.145,false,0.070722687,0.09,false,0.068976866,0.135,false,0.07590326,0.14,false,0.07531133
0.06,false,0.067338683,0.035,true,0.070550279,0.085,false,0.078549473,0.095,false,0.071938564
0.12,false,0.072685684,0.175,false,0.07474705,0.17,false,0.072535832,0.165,false,0.070884702
0.085,false,0.075333896,0.0,true,0.070655425,0.085,false,0.076692226,0.12,false,0.070286663
0.07,false,0.07553564,0.055,false,0.069886165,0.095,false,0.076628602,0.115,false,0.067463762
0.055,false,0.071757727,0.0,true,0.070296809,0.065,false,0.075508953,0.0,true,0.073022156
0.055,false,0.074788806,0.02,true,0.064104782,0.0,true,0.076499983,0.12,false,0.073944369
0.105,false,0.071035752,0.185,false,0.06756185,0.13,false,0.074223777,0.08,false,0.070782498
0.0,true,0.074145674,0.135,false,0.068579089,0.115,false,0.080372347,0.16,false,0.07188634
0.16,false,0.076286611,0.105,false,0.065008296,0.11,false,0.075930842,0.17,false,0.071722433
0.1,false,0.07600907,0.065,false,0.07198164,0.11,false,0.079050497,0.0,true,0.073144421
0.21,false,0.07405369,0.15,false,0.066124418,0.16,false,0.080033425,0.14,false,0.072250449
0.0,true,0.081812547,0.08,false,0.07181597,0.08,false,0.080767404,0.355,false,0.073606737
0.0,true,0.079629586,0.15,false,0.070638449,0.125,false,0.072877996,0.05,true,0.072482616
0.12,false,0.077209445,0.145,false,0.078034107,0.0,true,0.081654332,0.105,false,0.070494178
0.0,true,0.075018317,0.095,false,0.069396618,0.09,false,0.074734296,0.11,false,0.070940562
0.115,false,0.079915367,0.105,false,0.073069551,0.15,false,0.074325702,0.18,false,0.076195474
0.1,false,0.070031977,0.06,false,0.07111462,0.15,false,0.078547575,0.13,false,0.079221882
0.075,false,0.071868387,0.06,false,0.068816673,0.09,false,0.078561276,0.125,false,0.078171689
0.19,false,0.070799692,0.0,true,0.075671781,0.125,false,0.076987558,0.175,false,0.083708203
0.0,true,0.070180872,0.03,true,0.072724842,0.0,true,0.079121558,0.135,false,0.078595416
0.0,true,0.07370797,0.05,true,0.07139094,0.14,false,0.076307294,0.01,true,0.077228952
0.055,false,0.066218231,0.065,false,0.076094455,0.085,false,0.074259502,0.075,false,0.078289824
0.02,true,0.069963074,0.04,true,0.07396145,0.09,false,0.074811558,0.09,false,0.07672723
0.04,true,0.069315555,0.0,true,0.072385568,0.185,false,0.071018331,0.185,false,0.072035691
0.0,true,0.071383265,0.08,false,0.071938154,0.125,false,0.078107836,0.14,false,0.079716309
0.055,false,0.068178418,0.12,false,0.072787927,0.135,false,0.074108428,0.0,true,0.075885303
0.05,true,0.066963167,0.115,false,0.071554474,0.035,true,0.071890367,0.13,false,0.075118556
0.085,false,0.070710164,0.0,true,0.07790438,0.13,false,0.078118077,0.075,false,0.075893053
0.06,false,0.068012345,0.05,true,0.079295135,0.08,false,0.073884366,0.095,false,0.075683124
0.06,false,0.076361112,0.19,false,0.07258731,0.105,false,0.074885254,0.205,false,0.07639692
0.145,false,0.070131376,0.0,true,0.076001458,0.075,false,0.075885831,0.08,false,0.077097547
0.0,true,0.06740369,0.11,false,0.069770218,0.145,false,0.075212358,0.105,false,0.074121927
0.15,false,0.066567198,0.17,false,0.076571545,0.05,true,0.074970576,0.18,false,0.078447707
0.185,false,0.069533193,0.155,false,0.076416356,0.15,false,0.07797087,0.175,false,0.079589334
0.05,true,0.067530329,0.185,false,0.072406525,0.17,false,0.083300199,0.175,false,0.074280552
0.1,false,0.072619002,0.135,false,0.068102403,0.145,false,0.072969312,0.0,true,0.075130936
0.0,true,0.067433788,0.07,false,0.069759938,0.085,false,0.074077214,0.035,true,0.07455286
0.0,true,0.069197414,0.325,false,0.071222299,0.0,true,0.080812087,0.13,false,0.074572189
0.04,true,0.071224307,0.15,false,0.065835228,0.12,false,0.073621403,0.16,false,0.075620496
0.045,true,0.07270704,0.095,false,0.065437803,0.06,false,0.069394423,0.1,false,0.075821485
0.0,true,0.069736328,0.15,false,0.067560913,0.02,true,0.071966728,0.155,false,0.07866073
0.105,false,0.071163082,0.075,false,0.069313744,0.07,false,0.076916634,0.045,true,0.083445758
0.095,false,0.073094964,0.025,true,0.067253317,0.125,false,0.076309387,0.14,false,0.080904191
0.04,true,0.069760532,0.15,false,0.065690189,0.125,false,0.072296344,0.085,false,0.079621897
0.0,true,0.069431796,0.125,false,0.067321014,0.105,false,0.072762086,0.0,true,0.076028979
0.18,false,0.076097786,0.0,true,0.075928749,0.17,false,0.074589297,0.175,false,0.07660411
0.0,true,0.076442552,0.0,true,0.070024911,0.155,false,0.074824171,0.0,true,0.079314152
0.045,true,0.076003933,0.03,true,0.068158167,0.105,false,0.079807572,0.095,false,0.07835966
0.0,true,0.076458892,0.12,false,0.068612742,0.06,false,0.076193043,0.075,false,0.074243636
0.0,true,0.076826062,0.0,true,0.070121416,0.105,false,0.076242589,0.135,false,0.079844607
0.125,false,0.070871309,0.14,false,0.074279905,0.23,false,0.077322105,0.165,false,0.078166388
0.0,true,0.071492096,0.09,false,0.069259813,0.0,true,0.078641391,0.16,false,0.074672181
0.0,true,0.073063547,0.155,false,0.06679678,0.09,false,0.073557626,0.1,false,0.073716275
0.1,false,0.076426515,0.0,true,0.068167384,0.06,false,0.079603529,0.1,false,0.076001126
0.0,true,0.080939719,0.135,false,0.069347523,0.0,true,0.069111483,0.1,false,0.074360759
0.0,true,0.074827656,0.07,false,0.067954044,0.12,false,0.069001684,0.08,false,0.082129742
0.14,false,0.071122984,0.065,false,0.074345099,0.0,true,0.070571298,0.11,false,0.074695139
0.14,false,0.071591356,0.175,false,0.072611773,0.16,false,0.071189343,0.14,false,0.076000642
0.03,true,0.077755017,0.06,false,0.068878035,0.125,false,0.070994071,0.055,false,0.076866272
0.085,false,0.075665492,0.23,false,0.065122031,0.15,false,0.072309732,0.155,false,0.0716671
0.06,false,0.073009753,0.09,false,0.064453928,0.19,false,0.071936265,0.05,true,0.079053577
0.0,true,0.073410283,0.075,false,0.070118664,0.155,false,0.073902352,0.115,false,0.082302374
0.16,false,0.072752518,0.16,false,0.076897319,0.145,false,0.073974644,0.09,false,0.076080155
0.075,false,0.074337835,0.09,false,0.068535306,0.125,false,0.071211821,0.01,true,0.074294742
0.0,true,0.076218595,0.12,false,0.071965145,0.12,false,0.074244056,0.07,false,0.07766385
0.145,false,0.079898328,0.0,true,0.066257692,0.18,false,0.072629288,0.13,false,0.073746372
0.065,false,0.077497212,0.105,false,0.070903268,0.12,false,0.075480856,0.13,false,0.079650368
0.145,false,0.071871422,0.16,false,0.067666166,0.14,false,0.07190125,0.125,false,0.077774468
0.145,false,0.073039873,0.07,false,0.073193982,0.06,false,0.06903407,0.095,false,0.076787787
0.0,true,0.072857412,0.04,true,0.070442799,0.12,false,0.070006389,0.05,true,0.07532156
0.0,true,0.07332757,0.165,false,0.069291543,0.135,false,0.070171438,0.105,false,0.075060921
0.055,false,0.0769696,0.11,false,0.068312296,0.17,false,0.070133591,0.05,true,0.073230552
0.0,true,0.071967476,0.07,false,0.064246176,0.0,true,0.072605018,0.135,false,0.071504497
0.05,true,0.073673573,0.08,false,0.069697786,0.07,false,0.072132782,0.1,false,0.076533732
0.0,true,0.073218866,0.0,true,0.070977472,0.055,false,0.071306719,0.08,false,0.072717164
0.145,false,0.073706497,0.155,false,0.068126207,0.12,false,0.067737529,0.11,false,0.067240199
0.0,true,0.073171275,0.03,true,0.065794288,0.145,false,0.072288661,0.125,false,0.069437874
0.0,true,0.080783529,0.07,false,0.068365689,0.135,false,0.070735812,0.075,false,0.069008522
0.0,true,0.073700279,0.14,false,0.068023842,0.135,false,0.076806819,0.035,true,0.071504379
0.03,true,0.070776385,0.0,true,0.066768368,0.16,false,0.069882812,0.145,false,0.071378656
0.12,false,0.074164113,0.175,false,0.071636078,0.085,false,0.068756348,0.0,true,0.082020684
0.115,false,0.073571069,0.075,false,0.069427896,0.075,false,0.072912627,0.155,false,0.074770476
0.07,false,0.070812524,0.13,false,0.075262335,0.13,false,0.072264295,0.05,true,0.074187431
0.16,false,0.078987077,0.105,false,0.074193356,0.12,false,0.071297179,0.07,false,0.07587855
0.155,false,0.075506145,0.165,false,0.072727761,0.16,false,0.075221782,0.14,false,0.075214691
0.145,false,0.075953459,0.0,true,0.072314689,0.155,false,0.075171272,0.0,true,0.079319757
0.0,true,0.071813885,0.045,true,0.078950897,0.085,false,0.071313005,0.065,false,0.077180598
0.09,false,0.069095035,0.085,false,0.067919463,0.105,false,0.069174961,0.085,false,0.079538774
0.165,false,0.076348009,0.075,false,0.075682256,0.175,false,0.073369295,0.15,false,0.073767167
0.0,true,0.073267109,0.04,true,0.074661088,0.095,false,0.068633807,0.09,false,0.076591843
0.055,false,0.069820409,0.125,false,0.073941187,0.0,true,0.070751058,0.07,false,0.076214998
0.035,true,0.074441849,0.135,false,0.072523389,0.105,false,0.075001808,0.07,false,0.073946502
0.03,true,0.07095352,0.11,false,0.079068974,0.105,false,0.068546568,0.145,false,0.07918949
0.1,false,0.078274581,0.07,false,0.069699684,0.08,false,0.073525943,0.065,false,0.080837977
0.07,false,0.073560164,0.09,false,0.068927407,0.07,false,0.069035969,0.065,false,0.074690994
0.0,true,0.080473035,0.18,false,0.071498755,0.16,false,0.070119303,0.2,false,0.079534961
0.04,true,0.073269382,0.085,false,0.068982164,0.105,false,0.072157697,0.13,false,0.07387342
0.0,true,0.075892517,0.01,true,0.067874662,0.13,false,0.07872422,0.12,false,0.070733443
0.13,false,0.070410786,0.125,false,0.070024321,0.16,false,0.074231722,0.0,true,0.075581225
0.18,false,0.067032797,0.075,false,0.072830878,0.145,false,0.067618757,0.18,false,0.077108842
0.37,false,0.072584507,0.05,true,0.069443122,0.105,false,0.07184518,0.055,false,0.071100671
0.0,true,0.073726644,0.125,false,0.067163522,0.12,false,0.073023781,0.025,true,0.072130581
0.0,true,0.067406699,0.155,false,0.066395856,0.145,false,0.069533085,0.065,false,0.073882056
0.06,false,0.068206305,0.085,false,0.068974197,0.195,false,0.074209961,0.15,false,0.073896224
0.0,true,0.071313971,0.0,true,0.06886888,0.065,false,0.069803342,0.065,false,0.069542675
0.06,false,0.069048456,0.0,true,0.072207152,0.065,false,0.075676195,0.125,false,0.076734658
0.12,false,0.067158927,0.0,true,0.070823297,0.145,false,0.068503949,0.065,false,0.072034482
0.14,false,0.076119373,0.03,true,0.066970113,0.105,false,0.069369951,0.17,false,0.070905967
0.125,false,0.068075343,0.16,false,0.068729834,0.0,true,0.075398098,0.145,false,0.069895111
0.0,true,0.067242683,0.0,true,0.069116946,0.115,false,0.083835865,0.15,false,0.071562459
0.0,true,0.074484357,0.135,false,0.072053046,0.175,false,0.081905,0.095,false,0.073407707
0.11,false,0.071556856,0.21,false,0.071363771,0.245,false,0.081658588,0.17,false,0.072024115
0.145,false,0.071625009,0.14,false,0.071261438,0.095,false,0.07247418,0.135,false,0.070866532
0.0,true,0.076375151,0.08,false,0.066422485,0.115,false,0.076255014,0.1,false,0.070107815
0.0,true,0.078659067,0.02,true,0.067181867,0.09,false,0.078066632,0.14,false,0.071395771
0.1,false,0.072877284,0.115,false,0.06761587,0.06,false,0.076265892,0.09,false,0.069368782
0.125,false,0.075373958,0.16,false,0.07112815,0.125,false,0.077348294,0.0,true,0.068630176
0.0,true,0.077019596,0.0,true,0.071588213,0.11,false,0.075920603,0.03,true,0.07153521
0.1,false,0.078675434,0.055,false,0.068713826,0.11,false,0.072654003,0.05,true,0.077334752
0.0,true,0.078616401,0.0,true,0.066194979,0.085,false,0.074724025,0.11,false,0.070512949
0.0,true,0.068476292,0.07,false,0.068179737,0.05,true,0.077276396,0.175,false,0.069758966
0.175,false,0.068957123,0.035,true,0.067031099,0.06,false,0.072016189,0.165,false,0.071507752
0.06,false,0.069379111,0.08,false,0.067739927,0.11,false,0.077174912,0.045,true,0.072053814
0.095,false,0.074284928,0.14,false,0.065481121,0.135,false,0.077269614,0.0,true,0.070308623
0.0,true,0.080934778,0.16,false,0.070503017,0.215,false,0.075992878,0.14,false,0.079728587
0.0,true,0.074107963,0.01,true,0.067318374,0.075,false,0.076014819,0.13,false,0.07581374
0.0,true,0.069676493,0.14,false,0.065018671,0.1,false,0.074454701,0.11,false,0.071155563
0.15,false,0.068267121,0.0,true,0.068834404,0.08,false,0.077258421,0.09,false,0.071016783
0.09,false,0.06930473,0.09,false,0.067327415,0.035,true,0.079343127,0.02,true,0.072152943
0.0,true,0.079120647,0.075,false,0.066223291,0.17,false,0.077218325,0.145,false,0.073763501
0.0,true,0.078319005,0.11,false,0.066563343,0.075,false,0.077127577,0.04,true,0.075793712
0.0,true,0.077772004,0.13,false,0.06784172,0.05,true,0.075085176,0.11,false,0.071949128
0.135,false,0.073025257,0.285,false,0.069628621,0.03,true,0.076058671,0.0,true,0.071027687
0.1,false,0.06929479,0.05,true,0.071415383,0.18,false,0.078336983,0.125,false,0.069315612
0.0,true,0.06698389,0.085,false,0.07222286,0.08,false,0.071145779,0.17,false,0.068735228
0.0,true,0.080177672,0.085,false,0.068793521,0.055,false,0.072608709,0.12,false,0.071354374
0.14,false,0.073967161,0.0,true,0.075178962,0.115,false,0.076909804,0.155,false,0.075671243
0.01,true,0.075336466,0.12,false,0.068968956,0.045,true,0.072489497,0.025,true,0.076442534
0.0,true,0.067232739,0.09,false,0.068651898,0.115,false,0.075400746,0.105,false,0.069369391
0.0,true,0.07296782,0.105,false,0.070042725,0.03,true,0.074314201,0.1,false,0.069641077
0.095,false,0.072216965,0.095,false,0.066122716,0.145,false,0.080588617,0.055,false,0.073338118
0.11,false,0.073768588,0.11,false,0.068994725,0.12,false,0.080841796,0.125,false,0.072146679
0.095,false,0.074118716,0.11,false,0.066358236,0.12,false,0.072900312,0.11,false,0.074627828
0.0,true,0.079229356,0.36,false,0.069565338,0.08,false,0.07883717,0.0,true,0.077251553
0.11,false,0.067761125,0.035,true,0.072095124,0.06,false,0.075303912,0.01,true,0.072182759
0.0,true,0.068691555,0.08,false,0.070930998,0.085,false,0.074862649,0.13,false,0.070773317
0.07,false,0.066889182,0.06,false,0.070196172,0.065,false,0.074918065,0.085,false,0.06938347
0.0,true,0.066386925,0.085,false,0.07324785,0.145,false,0.077890827,0.055,false,0.069889055
0.0,true,0.069950589,0.17,false,0.067423896,0.17,false,0.07193577,0.145,false,0.071212468
0.07,false,0.070684599,0.045,true,0.070035692,0.12,false,0.076646144,0.11,false,0.079913929
0.015,true,0.067521591,0.05,true,0.069327125,0.0,true,0.072600223,0.085,false,0.080610744
0.105,false,0.065236947,0.045,true,0.071539046,0.14,false,0.077489324,0.085,false,0.07911684
0.065,false,0.06764621,0.12,false,0.07237145,0.11,false,0.074351014,0.12,false,0.078482417
0.035,true,0.069341146,0.145,false,0.071826571,0.155,false,0.075812638,0.14,false,0.080482554
0.0,true,0.06991841,0.08,false,0.065404712,0.135,false,0.067476364,0.095,false,0.077014778
0.08,false,0.067553526,0.13,false,0.068962671,0.165,false,0.067976942,0.145,false,0.081157501
0.0,true,0.075754774,0.13,false,0.072029751,0.045,true,0.069677197,0.0,true,0.077984235
0.12,false,0.064910269,0.03,true,0.067510823,0.1,false,0.069060124,0.125,false,0.075045552
0.115,false,0.070497335,0.065,false,0.068802952,0.095,false,0.068027333,0.0,true,0.076385873
0.16,false,0.069853216,0.12,false,0.068083748,0.09,false,0.073721756,0.085,false,0.07470598
0.0,true,0.068190866,0.155,false,0.066454797,0.0,true,0.073036592,0.12,false,0.075192285
0.0,true,0.072804462,0.165,false,0.068519392,0.09,false,0.070000669,0.17,false,0.077467274
0.125,false,0.068819196,0.16,false,0.070727266,0.11,false,0.069173172,0.14,false,0.079731357
0.13,false,0.069177114,0.025,true,0.068143424,0.15,false,0.068476362,0.065,false,0.073882018
0.06,false,0.065724165,0.11,false,0.069828378,0.09,false,0.068981604,0.19,false,0.077870252
0.15,false,0.068991889,0.07,false,0.072003304,0.025,true,0.071567985,0.07,false,0.071451456
0.0,true,0.068669679,0.07,false,0.065503608,0.065,false,0.073269409,0.035,true,0.072597685
0.1,false,0.06677086,0.115,false,0.065769127,0.0,true,0.069913964,0.13,false,0.072165428
0.08,false,0.072876231,0.12,false,0.068939981,0.195,false,0.06719588,0.145,false,0.078027306
0.09,false,0.064869352,0.135,false,0.068269356,0.145,false,0.068742519,0.125,false,0.078459081
0.08,false,0.068272718,0.075,false,0.068425717,0.13,false,0.070881476,0.14,false,0.075112594
0.115,false,0.070709616,0.15,false,0.06707306,0.055,false,0.072236648,0.13,false,0.074148331
0.12,false,0.075222029,0.045,true,0.068714631,0.08,false,0.07979076,0.09,false,0.078731264
0.0,true,0.068283956,0.11,false,0.070826055,0.12,false,0.070273828,0.11,false,0.073955858
0.0,true,0.073237757,0.125,false,0.065280792,0.13,false,0.076851387,0.03,true,0.080569686
0.05,true,0.06686193,0.0,true,0.073785713,0.095,false,0.078276023,0.16,false,0.077631665
0.065,false,0.068182258,0.145,false,0.073035852,0.14,false,0.078084527,0.0,true,0.077861904
0.1,false,0.069222821,0.18,false,0.067034953,0.0,true,0.081101402,0.1,false,0.077115335
0.1,false,0.068048265,0.135,false,0.064846503,0.125,false,0.086689433,0.125,false,0.075161051
0.125,false,0.075900724,0.035,true,0.066805716,0.16,false,0.079609582,0.0,true,0.072708059
0.0,true,0.073461376,0.085,false,0.068902989,0.14,false,0.082269116,0.14,false,0.07563808
0.05,true,0.072216186,0.0,true,0.067514701,0.07,false,0.072746443,0.095,false,0.071060952
0.0,true,0.072252744,0.095,false,0.065532807,0.105,false,0.071656973,0.095,false,0.072400214
0.0,true,0.083247397,0.14,false,0.065933099,0.06,false,0.069865216,0.145,false,0.072043792
0.0,true,0.088054389,0.145,false,0.064576353,0.125,false,0.074267205,0.15,false,0.071074163
0.17,false,0.086656185,0.08,false,0.067555333,0.085,false,0.075046252,0.095,false,0.07035754
0.2,false,0.077394739,0.095,false,0.069896484,0.14,false,0.073359498,0.155,false,0.08166786
0.0,true,0.083949162,0.11,false,0.067913627,0.13,false,0.073182577,0.135,false,0.073005848
0.11,false,0.082014793,0.14,false,0.067419286,0.0,true,0.068753109,0.14,false,0.069669299
0.16,false,0.081764113,0.0,true,0.071685029,0.045,true,0.06963248,0.055,false,0.072542062
0.02,true,0.078751142,0.165,false,0.070291221,0.15,false,0.07402936,0.0,true,0.078222036
0.0,true,0.08189266,0.14,false,0.069705631,0.0,true,0.07335582,0.125,false,0.078796213
0.0,true,0.077007242,0.17,false,0.066694014,0.025,true,0.072273217,0.0,true,0.079305699
0.0,true,0.078624406,0.04,true,0.066747473,0.145,false,0.070933733,0.135,false,0.078926801
0.0,true,0.079697831,0.13,false,0.072757607,0.1,false,0.069510043,0.12,false,0.073923804
0.185,false,0.080378322,0.125,false,0.063820187,0.09,false,0.073100586,0.08,false,0.072597165
0.085,false,0.076891118,0.115,false,0.069439168,0.175,false,0.070364456,0.175,false,0.075813216
0.14,false,0.074290865,0.12,false,0.065172616,0.115,false,0.073642656,0.14,false,0.06923727
0.13,false,0.075578836,0.02,true,0.068908546,0.0,true,0.076085577,0.09,false,0.070734686
0.12,false,0.075824072,0.07,false,0.070144365,0.09,false,0.07118699,0.12,false,0.072334331
0.0,true,0.075231106,0.16,false,0.080118643,0.16,false,0.06931986,0.16,false,0.071581949
0.0,true,0.076366796,0.065,false,0.069950587,0.115,false,0.072005436,0.1,false,0.072955382
0.0,true,0.076343688,0.065,false,0.06912789,0.14,false,0.071303104,0.135,false,0.071275719
0.04,true,0.07394333,0.08,false,0.065994357,0.085,false,0.074120212,0.0,true,0.073656029
0.07,false,0.074122269,0.14,false,0.07398331,0.105,false,0.071690808,0.105,false,0.07290275
0.075,false,0.07237387,0.0,true,0.070627129,0.145,false,0.067874404,0.095,false,0.076009559
0.0,true,0.072347159,0.1,false,0.069319718,0.065,false,0.067884249,0.0,true,0.071712868
0.065,false,0.076969034,0.11,false,0.068033158,0.08,false,0.070416124,0.085,false,0.069250989
0.065,false,0.075209287,0.15,false,0.069650724,0.075,false,0.069999797,0.085,false,0.075088624
0.145,false,0.072654297,0.0,true,0.071965406,0.095,false,0.070676674,0.145,false,0.075264732
0.12,false,0.073671679,0.1,false,0.067956492,0.125,false,0.074308902,0.085,false,0.070601147
0.105,false,0.072143111,0.1,false,0.06560389,0.155,false,0.072086885,0.175,false,0.075268348
0.0,true,0.07323586,0.105,false,0.067997084,0.16,false,0.070737419,0.13,false,0.069412023
0.0,true,0.073865029,0.0,true,0.069373129,0.14,false,0.068807589,0.035,true,0.068146404
0.0,true,0.07367826,0.075,false,0.066545422,0.115,false,0.06900389,0.09,false,0.079020534
0.11,false,0.072226501,0.115,false,0.066494981,0.09,false,0.069114224,0.07,false,0.080624122
0.0,true,0.075966087,0.08,false,0.070449886,0.11,false,0.075289354,0.09,false,0.078608576
0.135,false,0.072847935,0.0,true,0.066901723,0.09,false,0.072215259,0.085,false,0.089707866
0.0,true,0.070928835,0.03,true,0.067982781,0.07,false,0.069650877,0.13,false,0.075158559
0.0,true,0.071034633,0.035,true,0.067801123,0.175,false,0.070533396,0.135,false,0.078842465
0.07,false,0.069267716,0.01,true,0.070235519,0.07,false,0.067911712,0.105,false,0.080015205
0.12,false,0.073853201,0.165,false,0.065322281,0.125,false,0.068382395,0.175,false,0.085661729
0.11,false,0.07721342,0.105,false,0.066206748,0.105,false,0.073867465,0.11,false,0.082335938
0.01,true,0.074203856,0.05,true,0.07128489,0.1,false,0.074633241,0.135,false,0.082623522
0.0,true,0.073526001,0.1,false,0.073098249,0.095,false,0.0689239,0.1,false,0.080614369
0.06,false,0.073542542,0.11,false,0.074246742,0.085,false,0.071509557,0.16,false,0.073413087
0.125,false,0.069270727,0.105,false,0.068418802,0.085,false,0.067692236,0.1,false,0.074909207
0.17,false,0.078510444,0.005,true,0.069666427,0.15,false,0.070841013,0.13,false,0.075040734
0.095,false,0.076032684,0.095,false,0.076235966,0.095,false,0.076531968,0.07,false,0.075178345
0.0,true,0.075549763,0.1,false,0.071201886,0.115,false,0.073289158,0.095,false,0.079609758
0.175,false,0.073143707,0.02,true,0.07605352,0.0,true,0.070704847,0.12,false,0.08096915
0.05,true,0.072833974,0.07,false,0.072117215,0.12,false,0.071033345,0.16,false,0.073150604
0.0,true,0.076924258,0.15,false,0.07328989,0.085,false,0.074656132,0.11,false,0.075890797
0.0,true,0.074457275,0.03,true,0.071549513,0.205,false,0.072041998,0.125,false,0.070637301
0.08,false,0.081197084,0.065,false,0.073710456,0.1,false,0.075364591,0.18,false,0.076939612
0.095,false,0.072540149,0.03,true,0.068693812,0.06,false,0.077350427,0.03,true,0.072702392
0.025,true,0.074359122,0.08,false,0.077691248,0.135,false,0.070971176,0.115,false,0.079589712
0.0,true,0.07482391,0.295,false,0.078232,0.115,false,0.068286536,0.16,false,0.07554616
0.12,false,0.073543253,0.1,false,0.070127389,0.0,true,0.072670262,0.165,false,0.077188066
0.0,true,0.076274631,0.125,false,0.070842686,0.095,false,0.076242437,0.055,false,0.080342925
0.135,false,0.078117179,0.0,true,0.075886976,0.065,false,0.073088445,0.135,false,0.077476947
0.13,false,0.073666481,0.1,false,0.073835947,0.075,false,0.077014047,0.065,false,0.074376969
0.0,true,0.071796974,0.05,true,0.072008028,0.16,false,0.068317163,0.18,false,0.077525673
0.0,true,0.07463685,0.0,true,0.075187752,0.12,false,0.072619635,0.09,false,0.070472907
0.105,false,0.07243993,0.09,false,0.070519058,0.125,false,0.079257134,0.065,false,0.075098871
0.115,false,0.076399937,0.03,true,0.071779939,0.105,false,0.082013786,0.08,false,0.075567271
0.0,true,0.076991994,0.08,false,0.071871205,0.105,false,0.074158105,0.0,true,0.075811286
0.115,false,0.072045279,0.1,false,0.067749629,0.04,true,0.079058398,0.0,true,0.076644506
0.055,false,0.075469579,0.06,false,0.071966543,0.135,false,0.077206967,0.035,true,0.081411783
0.085,false,0.075513833,0.11,false,0.081329413,0.085,false,0.076644301,0.045,true,0.082552677
0.15,false,0.073836715,0.12,false,0.07159392,0.15,false,0.07453564,0.17,false,0.076079593
0.0,true,0.078410389,0.145,false,0.070551717,0.025,true,0.0765966,0.13,false,0.075927178
0.165,false,0.076238789,0.035,true,0.071782583,0.0,true,0.079451086,0.13,false,0.076667747
0.02,true,0.078923657,0.0,true,0.074423475,0.125,false,0.074145821,0.155,false,0.076898202
0.17,false,0.072682877,0.095,false,0.069871021,0.195,false,0.071429805,0.125,false,0.075576952
0.1,false,0.076573128,0.075,false,0.074489504,0.035,true,0.074470903,0.05,true,0.077724686
0.06,false,0.074755594,0.13,false,0.073158895,0.0,true,0.077366186,0.12,false,0.077526188
0.075,false,0.076800293,0.015,true,0.070492068,0.135,false,0.076862549,0.135,false,0.08019493
